CLASE DE ACCIDENTE,GRAVEDAD,VIAS,CORREGIMIENTO,DÍA SEMANA,FECHA DE OCURRECIA,HORA OCURRENCIA
CHOQUE,DAÑOS,CALI-CANDELARIA,VILLAGORGONA,VIERNES,2021-01-01,1:40:00 AM
CHOQUE,MUERTOS,CALI-CANDELARIA,JUANCHITO,VIERNES,2021-01-01,3:00:00 PM
CHOQUE,DAÑOS,CALI-CANDELARIA,JUANCHITO,DOMINGO,2021-01-03,5:08:00 PM
CHOQUE,DAÑOS,CALI-CANDELARIA,VILLAGORGONA,DOMINGO,2021-01-03,12:45:00 PM
CHOQUE,DAÑOS,CALI-CANDELARIA,EL CARMELO,DOMINGO,2021-01-03,7:00:00 AM
CHOQUE,HERIDOS,VILLARICA-PALMIRA,EL LAURO,LUNES,2021-01-04,11:20:00 AM
CHOQUE,DAÑOS,CALI-CANDELARIA,LA REGINA,MARTES,2021-01-05,8:10:00 PM
CHOQUE,HERIDOS,CALI-CANDELARIA,CANDELARIA,MIERCOLES,2021-01-06,2:50:00 PM
CHOQUE,DAÑOS,CALI-CANDELARIA,VILLAGORGONA,JUEVES,2021-01-07,3:00:00 PM
CHOQUE,HERIDOS,CALI-CANDELARIA,EL CARMELO,JUEVES,2021-01-07,3:50:00 PM
CHOQUE,HERIDOS,CALI-CANDELARIA,LA REGINA,JUEVES,2021-01-07,7:00:00 PM
OTRO,HERIDOS,PALMIRA-VILLA RICA,EL CABUYAL,VIERNES,2021-01-08,3:00:00 PM
VOLCAMIENTO,DAÑOS,PALMIRA-VILLA RICA,CANDELARIA,LUNES,2021-01-11,12:30:00 PM
CHOQUE,HERIDOS,VILLARICA-PALMIRA,EL LAURO,MIERCOLES,2021-01-13,5:30:00 AM
CHOQUE,DAÑOS,CALI-CANDELARIA,VILLAGORGONA,JUEVES,2021-01-14,12:50:00 PM
CHOQUE,DAÑOS,CALI-CANDELARIA,VILLAGORGONA,VIERNES,2021-01-15,1:45:00 AM
CHOQUE,DAÑOS,CANDELARIA,CANDELARIA,SABADO,2021-01-16,1:30:00 PM
CHOQUE,DAÑOS,CALI-CANDELARIA,JUANCHITO,SABADO,2021-01-16,1:13:00 PM
CHOQUE,HERIDOS,VILLARICA-PALMIRA,TURIN,SABADO,2021-01-16,4:20:00 AM
CHOQUE,DAÑOS,VILLARICA-PALMIRA,EL LAURO,SABADO,2021-01-16,5:50:00 AM
CHOQUE,HERIDOS,CALI-CANDELARIA,VILLAGORGONA,LUNES,2021-01-18,1:10:00 PM
CHOQUE,HERIDOS,CALI-CANDELARIA,JUANCHITO,MARTES,2021-01-19,8:00:00 AM
CHOQUE,DAÑOS,CALI-CANDELARIA,CANDELARIA,MARTES,2021-01-19,11:15:00 AM
CHOQUE,HERIDOS,PALMIRA-VILLA RICA,EL LAURO,MARTES,2021-01-19,10:20:00 AM
CHOQUE,DAÑOS,CALI-CANDELARIA,JUANCHITO,MIERCOLES,2021-01-20,6:15:00 AM
CHOQUE,DAÑOS,CALI-CANDELARIA,JUANCHITO,MIERCOLES,2021-01-20,5:30:00 AM
CHOQUE,HERIDOS,CALI-CANDELARIA,CANDELARIA,MIERCOLES,2021-01-20,1:30:00 PM
CHOQUE,HERIDOS,CALI-CANDELARIA,DOMINGO LARGO,JUEVES,2021-01-21,6:00:00 PM
VOLCAMIENTO,DAÑOS,VILLARICA-PALMIRA,CANDELARIA,SABADO,2021-01-23,6:32:00 AM
CHOQUE,DAÑOS,CALI-FLORIDA,LA REGINA,DOMINGO,2021-01-24,12:04:00 PM
CHOQUE,DAÑOS,CALI-CANDELARIA,VILLAGORGONA,DOMINGO,2021-01-24,1:50:00 PM
CHOQUE,DAÑOS,CALI-CANDELARIA,DOMINGO LARGO,DOMINGO,2021-01-24,2:30:00 PM
CHOQUE,HERIDOS,CALI-CANDELARIA,JUANCHITO,LUNES,2021-01-25,8:15:00 AM
CHOQUE,HERIDOS,CALI-CANDELARIA,JUANCHITO,MARTES,2021-01-26,6:00:00 AM
CHOQUE,DAÑOS,VILLARICA-PALMIRA,CANDELARIA,MARTES,2021-01-26,5:30:28 AM
CHOQUE,DAÑOS,VILLARICA-PALMIRA,EL LAURO,MARTES,2021-01-26,4:40:00 PM
CHOQUE,HERIDOS,CANDELARIA,EL CABUYAL,VIERNES,2021-01-29,6:10:00 AM
CHOQUE,HERIDOS,CALI-CANDELARIA,EL CARMELO,SABADO,2021-01-30,9:10:00 AM
CHOQUE,HERIDOS,CALI-CANDELARIA,JUANCHITO,SABADO,2021-01-30,1:30:00 PM
CHOQUE,DAÑOS,CALI-CANDELARIA,JUANCHITO,DOMINGO,2021-01-31,2:00:00 PM
CHOQUE,HERIDOS,CALI-FLORIDA,CANDELARIA,LUNES,2021-02-01,8:25:00 PM
CHOQUE,DAÑOS,CALI-CANDELARIA,VILLAGORGONA,MARTES,2021-02-02,10:20:00 AM
CHOQUE,HERIDOS,CALI-FLORIDA,JUANCHITO,MARTES,2021-02-02,6:30:00 PM
CHOQUE,HERIDOS,CALI-CANDELARIA,EL CARMELO,MIERCOLES,2021-02-03,7:00:00 AM
OTRO,MUERTOS,CALI-CANDELARIA,POBLADO CAMPESTRE,MIERCOLES,2021-02-03,3:30:00 PM
VOLCAMIENTO,HERIDOS,VILLARICA-PALMIRA,EL CABUYAL,DOMINGO,2021-02-07,12:33:00 PM
CHOQUE,HERIDOS,CANDELARIA,CANDELARIA,DOMINGO,2021-02-07,1:50:00 PM
CHOQUE,DAÑOS,CALI-FLORIDA,LA REGINA,MIERCOLES,2021-02-10,12:30:00 PM
CHOQUE,DAÑOS,CALI-CANDELARIA,EL CARMELO,JUEVES,2021-02-11,6:50:00 AM
CHOQUE,DAÑOS,CALI-CANDELARIA,JUANCHITO,LUNES,2021-02-15,6:00:00 AM
CHOQUE,DAÑOS,Via interna,CANDELARIA,LUNES,2021-02-15,7:00:00 AM
CHOQUE,DAÑOS,CALI-CANDELARIA,JUANCHITO,LUNES,2021-02-15,1:35:00 PM
CHOQUE,DAÑOS,CALI-CANDELARIA,DOMINGO LARGO,,2021-02-16,
ATROPELLO,HERIDOS,CALI-CANDELARIA,VILLAGORGONA,MARTES,2021-02-16,11:35:00 PM
CHOQUE,MUERTOS,VILLARICA-PALMIRA,EL CABUYAL,MIERCOLES,2021-02-17,5:30:00 AM
CHOQUE,HERIDOS,CALI-CANDELARIA,JUANCHITO,MIERCOLES,2021-02-17,2:10:00 PM
CHOQUE,HERIDOS,CALI-CANDELARIA,EL CARMELO,MIERCOLES,2021-02-17,11:10:00 AM
CHOQUE,DAÑOS,CALI-CANDELARIA,JUANCHITO,MIERCOLES,2021-02-17,2:30:00 AM
CHOQUE,DAÑOS,CALI-CANDELARIA,EL CARMELO,VIERNES,2021-02-19,10:10:00 AM
CHOQUE,DAÑOS,CALI-CANDELARIA,EL CARMELO,,2021-02-20,
CHOQUE,HERIDOS,VILLARICA-PALMIRA,EL CABUYAL,SABADO,2021-02-20,5:00:00 AM
CHOQUE,HERIDOS,CALI-CANDELARIA,VILLAGORGONA,DOMINGO,2021-02-21,10:10:00 PM
CHOQUE,HERIDOS,CALI-CANDELARIA,JUANCHITO,LUNES,2021-02-22,8:10:00 AM
CHOQUE,DAÑOS,CALI-CANDELARIA,POBLADO CAMPESTRE,MARTES,2021-02-23,7:20:00 AM
CHOQUE,HERIDOS,VILLARICA-PALMIRA,EL CABUYAL,MARTES,2021-02-23,1:25:00 PM
CHOQUE,HERIDOS,VILLARICA-PALMIRA,BUCHITOLO,MIERCOLES,2021-02-24,7:50:00 AM
CHOQUE,HERIDOS,VILLARICA-PALMIRA,EL CABUYAL,MIERCOLES,2021-02-24,5:25:00 AM
CHOQUE,HERIDOS,CALI-FLORIDA,JUANCHITO,JUEVES,2021-02-25,7:00:00 AM
CHOQUE,DAÑOS,VILLARICA-PALMIRA,CANDELARIA,SABADO,2021-02-27,2:40:00 PM
CHOQUE,DAÑOS,CALI-CANDELARIA,JUANCHITO,DOMINGO,2021-02-28,2:00:00 PM
VOLCAMIENTO,HERIDOS,CALI-CANDELARIA,VILLAGORGONA,DOMINGO,2021-02-28,8:35:00 PM
CHOQUE,DAÑOS,CANDELARIA,CANDELARIA,MARTES,2021-03-02,2:10:00 PM
CHOQUE,HERIDOS,PUERTO TEJADA-PALMIRA,CANDELARIA,MARTES,2021-03-02,4:00:00 PM
CHOQUE,HERIDOS,CALI-CANDELARIA,CANDELARIA,MIERCOLES,2021-03-03,3:45:00 PM
CHOQUE,HERIDOS,CALI-CANDELARIA,EL CARMELO,MIERCOLES,2021-03-03,9:56:00 PM
CHOQUE,HERIDOS,VILLARICA-PALMIRA,CANDELARIA,DOMINGO,2021-03-14,2:30:00 PM
CHOQUE,DAÑOS,CALI-CANDELARIA,CANDELARIA,SABADO,2021-03-06,10:40:00 AM
CHOQUE,MUERTOS,Via interna,CANDELARIA,SABADO,2021-03-06,11:28:00 AM
CHOQUE,DAÑOS,CALI-CANDELARIA,VILLAGORGONA,LUNES,2021-03-08,1:30:00 PM
CHOQUE,DAÑOS,CANDELARIA,CANDELARIA,MARTES,2021-03-09,4:10:00 PM
CHOQUE,HERIDOS,CALI-CANDELARIA,EL CARMELO,MIERCOLES,2021-03-10,9:09:00 AM
CHOQUE,DAÑOS,CALI-CANDELARIA,CANDELARIA,MIERCOLES,2021-03-10,9:50:00 PM
CHOQUE,DAÑOS,CALI-CANDELARIA,EL CARMELO,JUEVES,2021-03-11,7:50:00 PM
CHOQUE,HERIDOS,CALI-CANDELARIA,CANDELARIA,SABADO,2021-03-13,8:50:00 PM
CHOQUE,HERIDOS,CALI-CANDELARIA,CANDELARIA,DOMINGO,2021-03-14,8:03:00 PM
CHOQUE,DAÑOS,CALI-CANDELARIA,VILLAGORGONA,DOMINGO,2021-03-14,10:20:00 AM
CHOQUE,HERIDOS,CALI-CANDELARIA,POBLADO CAMPESTRE,LUNES,2021-03-15,7:03:00 AM
CHOQUE,DAÑOS,CALI-CANDELARIA,VILLAGORGONA,MIERCOLES,2021-03-17,11:30:00 AM
CHOQUE,DAÑOS,CALI-CANDELARIA,JUANCHITO,MIERCOLES,2021-03-17,7:50:00 AM
CHOQUE,DAÑOS,CALI-CANDELARIA,JUANCHITO,MIERCOLES,2021-03-17,7:55:00 AM
ATROPELLO,DAÑOS,CALI-FLORIDA,CANDELARIA,JUEVES,2021-03-18,4:10:00 AM
CHOQUE,HERIDOS,CALI-CANDELARIA,CANDELARIA,VIERNES,2021-03-19,12:30:00 PM
CHOQUE,DAÑOS,CALI-CANDELARIA,JUANCHITO,SABADO,2021-03-20,12:30:00 AM
CHOQUE,HERIDOS,CALI-CANDELARIA,EL CARMELO,SABADO,2021-03-20,8:15:00 AM
CHOQUE,DAÑOS,CALI-CANDELARIA,VILLAGORGONA,SABADO,2021-03-20,4:00:00 PM
CHOQUE,HERIDOS,CALI-CANDELARIA,JUANCHITO,SABADO,2021-03-20,4:05:00 PM
CHOQUE,DAÑOS,CALI-CANDELARIA,VILLAGORGONA,DOMINGO,2021-03-21,10:15:00 AM
VOLCAMIENTO,DAÑOS,VILLARICA-PALMIRA,CANDELARIA,DOMINGO,2021-03-21,3:52:00 PM
CHOQUE,HERIDOS,CANDELARIA,CANDELARIA,DOMINGO,2021-03-21,6:40:00 PM
ATROPELLO,HERIDOS,CALI-CANDELARIA,POBLADO CAMPESTRE,MARTES,2021-03-23,7:30:00 PM
CHOQUE,HERIDOS,CALI-CANDELARIA,JUANCHITO,JUEVES,2021-03-25,1:10:00 PM
CHOQUE,DAÑOS,CALI-CANDELARIA,CANDELARIA,VIERNES,2021-03-26,5:20:00 PM
CHOQUE,DAÑOS,CALI-CANDELARIA,CANDELARIA,SABADO,2021-03-27,7:05:00 AM
CHOQUE,DAÑOS,CALI-FLORIDA,CANDELARIA,LUNES,2021-03-29,7:23:00 AM
CHOQUE,DAÑOS,CALI-CANDELARIA,JUANCHITO,MARTES,2021-03-30,2:20:00 AM
CHOQUE,HERIDOS,VILLARICA-PALMIRA,EL CABUYAL,MIERCOLES,2021-03-31,7:00:00 AM
CHOQUE,DAÑOS,CALI-CANDELARIA,VILLAGORGONA,MIERCOLES,2021-03-31,3:30:00 PM
CHOQUE,HERIDOS,CALI-CANDELARIA,JUANCHITO,MIERCOLES,2021-03-31,3:00:00 PM
CHOQUE,HERIDOS,CALI-CANDELARIA,POBLADO CAMPESTRE,VIERNES,2021-04-02,2:20:00 PM
CHOQUE,DAÑOS,Via interna,VILLAGORGONA,SABADO,2021-04-03,8:30:00 AM
CHOQUE,DAÑOS,Via interna,VILLAGORGONA,SABADO,2021-04-03,8:46:00 PM
N/A,DAÑOS,CALI-CANDELARIA,JUANCHITO,LUNES,2021-04-05,6:04:00 AM
CHOQUE,HERIDOS,CALI-CANDELARIA,JUANCHITO,LUNES,2021-04-05,8:45:00 AM
CHOQUE,HERIDOS,CALI-CANDELARIA,LA REGINA,LUNES,2021-04-05,11:30:00 AM
CHOQUE,DAÑOS,CALI-CANDELARIA,JUANCHITO,MIERCOLES,2021-04-07,11:00:00 AM
CHOQUE,HERIDOS,CALI-CANDELARIA,VILLAGORGONA,MARTES,2021-04-06,12:40:00 PM
CHOQUE,HERIDOS,VILLARICA-PALMIRA,EL LAURO,VIERNES,2021-04-09,12:10:00 PM
CHOQUE,DAÑOS,VILLARICA-PALMIRA,EL CABUYAL,SABADO,2021-04-10,2:00:00 PM
ATROPELLO,HERIDOS,CALI-CANDELARIA,CANDELARIA,SABADO,2021-04-10,9:00:00 AM
CHOQUE,HERIDOS,CALI-CANDELARIA,JUANCHITO,DOMINGO,2021-04-11,9:30:00 AM
CHOQUE,HERIDOS,CANDELARIA,EL LAURO,DOMINGO,2021-04-11,4:00:00 PM
VOLCAMIENTO,HERIDOS,CALI-CANDELARIA,CANDELARIA,DOMINGO,2021-04-11,9:20:00 PM
CHOQUE,HERIDOS,CALI-CANDELARIA,JUANCHITO,DOMINGO,2021-04-11,9:20:00 PM
CHOQUE,DAÑOS,CALI-CANDELARIA,JUANCHITO,DOMINGO,2021-04-11,9:40:00 PM
CHOQUE,HERIDOS,VILLARICA-PALMIRA,EL ARENAL,LUNES,2021-04-12,1:20:00 PM
CHOQUE,HERIDOS,CALI-CANDELARIA,EL TIPLE,LUNES,2021-04-12,7:00:00 PM
CHOQUE,HERIDOS,CALI-CANDELARIA,CANDELARIA,MARTES,2021-04-13,8:20:00 PM
CHOQUE,HERIDOS,CALI-CANDELARIA,POBLADO CAMPESTRE,MARTES,2021-04-13,10:10:00 PM
CHOQUE,DAÑOS,CANDELARIA,CANDELARIA,MIERCOLES,2021-04-14,2:00:00 PM
ATROPELLO,HERIDOS,VILLARICA-PALMIRA,CANDELARIA,MIERCOLES,2021-04-14,3:20:00 PM
CHOQUE,HERIDOS,CANDELARIA,SAN JOAQUIN,JUEVES,2021-04-15,6:50:00 AM
ATROPELLO,HERIDOS,CALI-CANDELARIA,EL CARMELO,JUEVES,2021-04-15,7:40:00 AM
ATROPELLO,HERIDOS,CALI-CANDELARIA,JUANCHITO,JUEVES,2021-04-15,9:40:00 PM
CHOQUE,HERIDOS,CALI-CANDELARIA,EL CARMELO,SABADO,2021-04-17,1:10:00 PM
CHOQUE,HERIDOS,CANDELARIA,EL CABUYAL,DOMINGO,2021-04-18,12:50:00 PM
CHOQUE,DAÑOS,CALI-FLORIDA,LA REGINA,LUNES,2021-04-19,9:40:00 AM
CHOQUE,DAÑOS,VILLARICA-PALMIRA,CANDELARIA,LUNES,2021-04-19,2:30:00 PM
CHOQUE,DAÑOS,CANDELARIA,CANDELARIA,MARTES,2021-04-20,7:20:00 PM
CHOQUE,HERIDOS,CALI-CANDELARIA,JUANCHITO,MARTES,2021-04-20,5:00:00 PM
CHOQUE,HERIDOS,VILLARICA-PALMIRA,EL CABUYAL,MIERCOLES,2021-04-21,4:10:00 PM
CHOQUE,DAÑOS,CALI-CANDELARIA,JUANCHITO,JUEVES,2021-04-22,6:30:00 AM
CHOQUE,HERIDOS,CALI-CANDELARIA,JUANCHITO,MARTES,2021-04-27,7:10:00 AM
CHOQUE,DAÑOS,CANDELARIA,SAN JOAQUIN,VIERNES,2021-04-23,10:20:00 AM
CHOQUE,HERIDOS,CALI-FLORIDA,EL CARMELO,DOMINGO,2021-04-25,9:00:00 AM
CHOQUE,HERIDOS,CALI-CANDELARIA,JUANCHITO,DOMINGO,2021-04-25,5:40:00 PM
CHOQUE,DAÑOS,VILLARICA-PALMIRA,CANDELARIA,MARTES,2021-04-27,4:00:00 PM
CHOQUE,DAÑOS,CALI-CANDELARIA,JUANCHITO,MARTES,2021-04-27,7:15:00 PM
CHOQUE,MUERTOS,VILLARICA-PALMIRA,EL CABUYAL,MIERCOLES,2021-05-12,9:00:00 PM
CHOQUE,HERIDOS,CALI-CANDELARIA,CANDELARIA,VIERNES,2021-05-14,2:45:00 PM
CHOQUE,MUERTOS,CALI-CANDELARIA,VILLAGORGONA,VIERNES,2021-05-14,2:05:00 PM
CHOQUE,DAÑOS,CALI-CANDELARIA,JUANCHITO,DOMINGO,2021-05-16,10:20:00 PM
CHOQUE,HERIDOS,CALI-CANDELARIA,CANDELARIA,VIERNES,2021-05-21,3:30:00 PM
ATROPELLO,HERIDOS,VILLARICA-PALMIRA,CANDELARIA,DOMINGO,2021-05-23,8:20:00 PM
CHOQUE,HERIDOS,CANDELARIA,VILLAGORGONA,MIERCOLES,2021-05-26,3:47:00 PM
CHOQUE,DAÑOS,CALI-CANDELARIA,JUANCHITO,SABADO,2021-05-29,6:10:00 AM
CHOQUE,HERIDOS,VILLARICA-PALMIRA,EL LAURO,DOMINGO,2021-05-30,1:20:00 PM
CHOQUE,HERIDOS,CALI-CANDELARIA,VILLAGORGONA,MARTES,2021-06-01,7:40:00 AM
CHOQUE,HERIDOS,CALI-CANDELARIA,VILLAGORGONA,JUEVES,2021-06-03,11:40:00 AM
VOLCAMIENTO,MUERTOS,CALI-FLORIDA,LA REGINA,VIERNES,2021-06-04,4:00:00 PM
CHOQUE,HERIDOS,CALI-CANDELARIA,JUANCHITO,SABADO,2021-06-05,10:20:00 AM
CHOQUE,HERIDOS,CALI-CANDELARIA,VILLAGORGONA,LUNES,2021-06-07,9:20:00 PM
CHOQUE,DAÑOS,CALI-CANDELARIA,VILLAGORGONA,JUEVES,2021-06-10,1:35:00 PM
CHOQUE,HERIDOS,CANDELARIA,CANDELARIA,JUEVES,2021-06-10,5:15:00 PM
CHOQUE,DAÑOS,VILLARICA-PALMIRA,EL CABUYAL,VIERNES,2021-06-11,6:58:00 AM
ATROPELLO,MUERTOS,VILLARICA-PALMIRA,EL CABUYAL,SABADO,2021-06-12,9:57:00 AM
CHOQUE,HERIDOS,CALI-FLORIDA,LA REGINA,MARTES,2021-06-15,7:10:00 PM
CHOQUE,DAÑOS,CALI-CANDELARIA,JUANCHITO,MARTES,2021-06-15,5:32:00 AM
CHOQUE,DAÑOS,VILLARICA-PALMIRA,EL CABUYAL,JUEVES,2021-06-17,9:23:00 AM
CHOQUE,DAÑOS,CANDELARIA,EL CABUYAL,VIERNES,2021-06-18,2:15:00 PM
ATROPELLO,HERIDOS,CALI-CANDELARIA,VILLAGORGONA,LUNES,2021-06-21,7:00:00 AM
CHOQUE,DAÑOS,CALI-CANDELARIA,JUANCHITO,VIERNES,2021-06-25,12:00:00 AM
CHOQUE,DAÑOS,VILLARICA-PALMIRA,EL LAURO,JUEVES,2021-06-24,7:30:00 AM
CHOQUE,DAÑOS,CALI-CANDELARIA,VILLAGORGONA,JUEVES,2021-06-24,9:50:00 PM
CHOQUE,DAÑOS,CALI-CANDELARIA,VILLAGORGONA,VIERNES,2021-06-25,3:10:00 PM
CHOQUE,DAÑOS,CALI-CANDELARIA,POBLADO CAMPESTRE,SABADO,2021-06-26,6:00:00 PM
CHOQUE,DAÑOS,CANDELARIA,CANDELARIA,SABADO,2021-06-26,4:00:00 PM
CHOQUE,HERIDOS,CALI-CANDELARIA,JUANCHITO,LUNES,2021-06-28,6:09:00 AM
CHOQUE,DAÑOS,VILLARICA-PALMIRA,CANDELARIA,MIERCOLES,2021-06-30,6:20:00 AM
CHOQUE,DAÑOS,VILLARICA-PALMIRA,CANDELARIA,MIERCOLES,2021-06-30,12:30:00 PM
CHOQUE,DAÑOS,CANDELARIA,CANDELARIA,JUEVES,2021-07-01,9:37:00 AM
ATROPELLO,HERIDOS,CANDELARIA,CANDELARIA,VIERNES,2021-07-02,9:25:00 AM
CHOQUE,DAÑOS,CANDELARIA,CANDELARIA,VIERNES,2021-07-02,8:40:00 AM
CHOQUE,HERIDOS,CANDELARIA,SAN JOAQUIN,SABADO,2021-07-03,6:30:00 AM
CHOQUE,HERIDOS,CALI-FLORIDA,CANDELARIA,SABADO,2021-07-03,6:46:00 AM
CHOQUE,MUERTOS,VILLARICA-PALMIRA,EL CABUYAL,SABADO,2021-07-03,7:30:00 PM
CHOQUE,DAÑOS,CALI-CANDELARIA,JUANCHITO,SABADO,2021-07-03,10:50:00 PM
ATROPELLO,HERIDOS,CALI-CANDELARIA,JUANCHITO,MARTES,2021-07-06,12:50:00 PM
CHOQUE,DAÑOS,CALI-CANDELARIA,EL CARMELO,MIERCOLES,2021-07-07,4:00:00 PM
VOLCAMIENTO,HERIDOS,CALI-CANDELARIA,JUANCHITO,JUEVES,2021-07-08,6:20:00 AM
CHOQUE,DAÑOS,CALI-CANDELARIA,CANDELARIA,VIERNES,2021-07-09,12:30:00 PM
CHOQUE,DAÑOS,CALI-CANDELARIA,SAN JOAQUIN,DOMINGO,2021-07-11,2:50:00 PM
CHOQUE,DAÑOS,CALI-CANDELARIA,POBLADO CAMPESTRE,DOMINGO,2021-07-11,10:30:00 AM
CHOQUE,HERIDOS,CALI-CANDELARIA,EL CARMELO,LUNES,2021-07-12,12:10:00 PM
CHOQUE,DAÑOS,CALI-CANDELARIA,JUANCHITO,MIERCOLES,2021-07-14,7:50:00 AM
CHOQUE,DAÑOS,CANDELARIA,CANDELARIA,JUEVES,2021-07-15,3:50:00 PM
CHOQUE,DAÑOS,CALI-CANDELARIA,POBLADO CAMPESTRE,DOMINGO,2021-07-18,7:40:00 PM
CHOQUE,DAÑOS,CANDELARIA,CANDELARIA,,2021-07-18,
CHOQUE,HERIDOS,VILLARICA-PALMIRA,EL CABUYAL,LUNES,2021-07-19,5:45:00 PM
VOLCAMIENTO,HERIDOS,CALI-FLORIDA,CANDELARIA,LUNES,2021-07-19,7:20:00 PM
CHOQUE,HERIDOS,Via interna,POBLADO CAMPESTRE,MARTES,2021-07-20,11:30:00 AM
CHOQUE,DAÑOS,CALI-CANDELARIA,JUANCHITO,MIERCOLES,2021-07-21,3:10:00 PM
CHOQUE,DAÑOS,CALI-CANDELARIA,JUANCHITO,JUEVES,2021-07-22,5:10:00 PM
CHOQUE,DAÑOS,CALI-CANDELARIA,JUANCHITO,VIERNES,2021-07-23,7:40:00 PM
ATROPELLO,HERIDOS,CALI-FLORIDA,CANDELARIA,VIERNES,2021-07-23,2:50:00 PM
CHOQUE,DAÑOS,PALMIRA-VILLA RICA,CANDELARIA,,2021-07-25,
CHOQUE,DAÑOS,CANDELARIA,CANDELARIA,LUNES,2021-07-26,4:00:00 PM
CHOQUE,DAÑOS,CALI-CANDELARIA,JUANCHITO,LUNES,2021-07-26,3:00:00 PM
CHOQUE,DAÑOS,CALI-CANDELARIA,JUANCHITO,LUNES,2021-07-26,5:15:00 PM
CHOQUE,HERIDOS,CALI-CANDELARIA,VILLAGORGONA,MIERCOLES,2021-07-28,1:55:00 PM
CHOQUE,DAÑOS,CALI-CANDELARIA,JUANCHITO,JUEVES,2021-07-29,7:55:00 AM
CHOQUE,HERIDOS,CALI-CANDELARIA,JUANCHITO,VIERNES,2021-07-30,7:07:00 AM
CHOQUE,HERIDOS,CALI-CANDELARIA,JUANCHITO,SABADO,2021-07-31,9:10:00 PM
CHOQUE,DAÑOS,CALI-CANDELARIA,JUANCHITO,DOMINGO,2021-08-01,12:10:00 PM
CHOQUE,DAÑOS,CANDELARIA,CANDELARIA,MIERCOLES,2021-08-04,8:20:00 AM
CHOQUE,DAÑOS,CALI-CANDELARIA,VILLAGORGONA,MIERCOLES,2021-08-04,11:00:00 AM
CHOQUE,DAÑOS,CANDELARIA-FLORIDA,CANDELARIA,VIERNES,2021-08-06,10:00:00 AM
CHOQUE,HERIDOS,VILLARICA-PALMIRA,EL LAURO,VIERNES,2021-08-06,1:40:00 PM
VOLCAMIENTO,DAÑOS,VILLARICA-PALMIRA,CANDELARIA,VIERNES,2021-08-06,2:40:00 PM
CHOQUE,MUERTOS,VILLARICA-PALMIRA,EL ARENAL,DOMINGO,2021-08-08,12:30:00 PM
CHOQUE,DAÑOS,VILLARICA-PALMIRA,EL LAURO,DOMINGO,2021-08-08,9:20:00 PM
CHOQUE,HERIDOS,CALI-CANDELARIA,JUANCHITO,DOMINGO,2021-08-08,5:20:00 PM
CHOQUE,DAÑOS,CALI-CANDELARIA,JUANCHITO,LUNES,2021-08-09,5:50:00 AM
CHOQUE,HERIDOS,CALI-CANDELARIA,JUANCHITO,LUNES,2021-08-09,7:30:00 AM
CHOQUE,HERIDOS,CALI-FLORIDA,CANDELARIA,MARTES,2021-08-10,5:50:00 AM
CHOQUE,HERIDOS,CALI-FLORIDA,CANDELARIA,MARTES,2021-08-10,4:00:00 PM
ATROPELLO,HERIDOS,CANDELARIA,EL CABUYAL,MIERCOLES,2021-08-11,10:40:00 PM
CHOQUE,DAÑOS,CALI-CANDELARIA,EL CARMELO,JUEVES,2021-08-12,9:10:00 AM
CHOQUE,DAÑOS,CALI-CANDELARIA,JUANCHITO,VIERNES,2021-08-13,6:05:00 AM
CHOQUE,DAÑOS,VILLARICA-PALMIRA,CANDELARIA,MARTES,2021-08-17,6:20:00 PM
CHOQUE,DAÑOS,VILLARICA-PALMIRA,CANDELARIA,JUEVES,2021-08-19,5:30:00 PM
CHOQUE,HERIDOS,CANDELARIA-CALI,VILLAGORGONA,,2021-08-20,
CHOQUE,DAÑOS,CALI-CANDELARIA,JUANCHITO,SABADO,2021-08-21,3:50:00 AM
CHOQUE,DAÑOS,CALI-CANDELARIA,JUANCHITO,DOMINGO,2021-08-22,9:10:00 AM
CHOQUE,HERIDOS,VILLARICA-PALMIRA,CANDELARIA,LUNES,2021-08-23,8:15:00 AM
CHOQUE,DAÑOS,CALI-CANDELARIA,JUANCHITO,,2021-08-25,
CHOQUE,DAÑOS,VILLARICA-PALMIRA,CANDELARIA,MIERCOLES,2021-08-25,5:30:00 PM
CHOQUE,DAÑOS,CALI-CANDELARIA,JUANCHITO,MIERCOLES,2021-08-25,6:20:00 PM
CHOQUE,DAÑOS,VILLARICA-PALMIRA,CANDELARIA,,2021-08-26,
CHOQUE,HERIDOS,CALI-CANDELARIA,JUANCHITO,JUEVES,2021-08-26,7:00:00 PM
CHOQUE,HERIDOS,CALI-CANDELARIA,EL CARMELO,JUEVES,2021-08-26,10:45:00 AM
CHOQUE,MUERTOS,CALI-CANDELARIA,EL CARMELO,VIERNES,2021-08-27,7:20:00 PM
CHOQUE,DAÑOS,CALI-CANDELARIA,CANDELARIA,SABADO,2021-08-28,6:30:00 AM
CHOQUE,DAÑOS,CANDELARIA,CANDELARIA,LUNES,2021-08-30,10:40:00 AM
OTRO,DAÑOS,CALI-CANDELARIA,JUANCHITO,MIERCOLES,2021-09-01,4:30:00 PM
CHOQUE,HERIDOS,CALI-FLORIDA,CANDELARIA,JUEVES,2021-09-02,9:10:00 AM
CHOQUE,HERIDOS,CALI-CANDELARIA,POBLADO CAMPESTRE,VIERNES,2021-09-03,10:10:00 PM
ATROPELLO,HERIDOS,CALI-CANDELARIA,VILLAGORGONA,DOMINGO,2021-09-05,5:45:00 PM
CHOQUE,DAÑOS,CALI-CANDELARIA,JUANCHITO,LUNES,2021-09-06,8:45:00 AM
VOLCAMIENTO,HERIDOS,CALI-CANDELARIA,JUANCHITO,LUNES,2021-09-06,5:42:00 AM
CHOQUE,DAÑOS,CALI-CANDELARIA,JUANCHITO,MARTES,2021-09-07,10:30:00 AM
CHOQUE,HERIDOS,CALI-FLORIDA,LA REGINA,LUNES,2021-09-06,11:30:00 AM
CHOQUE,HERIDOS,VILLARICA-PALMIRA,EL CABUYAL,MARTES,2021-09-07,1:00:00 PM
CHOQUE,DAÑOS,VILLARICA-PALMIRA,EL CABUYAL,,2021-09-07,
CHOQUE,DAÑOS,VILLARICA-PALMIRA,CANDELARIA,,2021-09-08,
CHOQUE,DAÑOS,CALI-CANDELARIA,POBLADO CAMPESTRE,JUEVES,2021-09-09,6:00:00 PM
CHOQUE,DAÑOS,VILLARICA-PALMIRA,EL LAURO,VIERNES,2021-09-10,5:10:00 PM
CHOQUE,DAÑOS,CALI-CANDELARIA,VILLAGORGONA,VIERNES,2021-09-10,7:00:00 PM
CHOQUE,HERIDOS,CALI-CANDELARIA,JUANCHITO,SABADO,2021-09-11,11:40:00 AM
CHOQUE,HERIDOS,CALI-CANDELARIA,JUANCHITO,DOMINGO,2021-09-12,11:37:00 AM
CHOQUE,HERIDOS,CALI-CANDELARIA,JUANCHITO,LUNES,2021-09-13,5:30:00 AM
CHOQUE,DAÑOS,VILLARICA-PALMIRA,EL LAURO,MARTES,2021-09-14,5:15:00 PM
CHOQUE,DAÑOS,VILLARICA-PALMIRA,EL CABUYAL,MIERCOLES,2021-09-15,9:20:00 AM
VOLCAMIENTO,DAÑOS,CALI-CANDELARIA,VILLAGORGONA,MIERCOLES,2021-09-15,8:52:00 PM
CHOQUE,DAÑOS,VILLARICA-PALMIRA,CANDELARIA,SABADO,2021-09-18,11:30:00 AM
CHOQUE,HERIDOS,CALI-CANDELARIA,JUANCHITO,LUNES,2021-09-20,4:40:00 AM
VOLCAMIENTO,HERIDOS,CALI-CANDELARIA,JUANCHITO,LUNES,2021-09-20,5:40:00 AM
CHOQUE,DAÑOS,CANDELARIA,CANDELARIA,LUNES,2021-09-20,3:00:00 PM
CHOQUE,HERIDOS,CANDELARIA,CANDELARIA,VIERNES,2021-09-24,10:20:00 AM
CHOQUE,DAÑOS,CALI-CANDELARIA,EL CARMELO,LUNES,2021-09-27,2:00:00 PM
CHOQUE,DAÑOS,VILLARICA-PALMIRA,CANDELARIA,MARTES,2021-09-28,1:00:00 PM
CHOQUE,DAÑOS,Via interna,POBLADO CAMPESTRE,MARTES,2021-09-28,8:10:00 AM
CHOQUE,DAÑOS,VILLARICA-PALMIRA,EL LAURO,MARTES,2021-09-28,7:24:00 AM
CHOQUE,DAÑOS,CALI-CANDELARIA,JUANCHITO,MIERCOLES,2021-09-29,4:20:00 PM
CHOQUE,HERIDOS,CALI-CANDELARIA,JUANCHITO,MIERCOLES,2021-09-29,10:20:00 AM
CHOQUE,HERIDOS,CALI-CANDELARIA,JUANCHITO,MIERCOLES,2021-09-29,5:30:00 AM
CHOQUE,DAÑOS,CALI-CANDELARIA,JUANCHITO,JUEVES,2021-09-30,5:20:00 PM
VOLCAMIENTO,HERIDOS,CALI-CANDELARIA,JUANCHITO,JUEVES,2021-09-30,6:30:00 AM
CHOQUE,DAÑOS,Via interna,EL CARMELO,VIERNES,2021-10-01,9:10:00 AM
CHOQUE,HERIDOS,CALI-CANDELARIA,VILLAGORGONA,DOMINGO,2021-10-03,3:13:00 AM
VOLCAMIENTO,HERIDOS,CALI-CANDELARIA,JUANCHITO,DOMINGO,2021-10-03,4:50:00 PM
CHOQUE,DAÑOS,CALI-CANDELARIA,POBLADO CAMPESTRE,MARTES,2021-10-05,1:10:00 PM
CHOQUE,DAÑOS,CALI-FLORIDA,LA REGINA,MIERCOLES,2021-10-06,6:50:00 PM
CHOQUE,DAÑOS,CALI-FLORIDA,LA REGINA,MIERCOLES,2021-10-06,7:30:00 PM
CHOQUE,MUERTOS,VILLARICA-PALMIRA,EL CABUYAL,JUEVES,2021-10-07,5:30:00 AM
CHOQUE,HERIDOS,CALI-FLORIDA,LA REGINA,VIERNES,2021-10-08,6:30:00 AM
CHOQUE,DAÑOS,CANDELARIA,CANDELARIA,SABADO,2021-10-09,9:40:00 PM
CHOQUE,HERIDOS,CANDELARIA-CALI,VILLAGORGONA,DOMINGO,2021-10-10,5:25:00 AM
CHOQUE,MUERTOS,CALI-CANDELARIA,EL CARMELO,LUNES,2021-10-11,6:20:00 AM
CHOQUE,DAÑOS,CALI-CANDELARIA,JUANCHITO,LUNES,2021-10-11,3:00:00 PM
CHOQUE,DAÑOS,CALI-FLORIDA,LA REGINA,MARTES,2021-10-12,11:50:00 AM
CHOQUE,DAÑOS,CALI-CANDELARIA,JUANCHITO,JUEVES,2021-10-14,7:00:00 PM
CHOQUE,DAÑOS,CALI-CANDELARIA,CANDELARIA,DOMINGO,2021-10-17,7:30:00 AM
CHOQUE,HERIDOS,CANDELARIA,EL CABUYAL,DOMINGO,2021-10-17,9:30:00 PM
CHOQUE,DAÑOS,CALI-CANDELARIA,JUANCHITO,MARTES,2021-10-19,10:30:00 AM
CHOQUE,HERIDOS,CALI-CANDELARIA,JUANCHITO,MIERCOLES,2021-10-20,6:40:00 AM
CHOQUE,HERIDOS,CALI-CANDELARIA,JUANCHITO,JUEVES,2021-10-21,6:30:00 AM
CHOQUE,HERIDOS,CALI-CANDELARIA,JUANCHITO,VIERNES,2021-10-22,4:20:00 PM
CHOQUE,DAÑOS,VILLARICA-PALMIRA,EL LAURO,VIERNES,2021-10-22,5:00:00 PM
CHOQUE,HERIDOS,CALI-CANDELARIA,JUANCHITO,SABADO,2021-10-23,1:25:00 AM
CHOQUE,HERIDOS,CALI-FLORIDA,LA REGINA,SABADO,2021-10-23,6:41:00 PM
CHOQUE,HERIDOS,VILLARICA-PALMIRA,RIO EL TRIUNFO,DOMINGO,2021-10-24,10:00:00 PM
CHOQUE,HERIDOS,CALI-CANDELARIA,JUANCHITO,DOMINGO,2021-10-24,5:40:00 AM
CHOQUE,DAÑOS,CANDELARIA,CANDELARIA,MARTES,2021-10-26,2:00:00 PM
CHOQUE,DAÑOS,CALI-CANDELARIA,JUANCHITO,MARTES,2021-10-26,7:00:00 PM
CHOQUE,DAÑOS,CALI-CANDELARIA,JUANCHITO,MARTES,2021-10-26,7:59:00 PM
VOLCAMIENTO,HERIDOS,CANDELARIA,EL CARMELO,JUEVES,2021-10-28,9:44:00 AM
CHOQUE,HERIDOS,CANDELARIA-CALI,DOMINGO LARGO,JUEVES,2021-10-28,10:15:00 AM
CHOQUE,DAÑOS,VILLAGORGONA - PALMIRA,CANDELARIA,JUEVES,2021-10-28,1:00:00 PM
CHOQUE,HERIDOS,CALI-CANDELARIA,EL CARMELO,VIERNES,2021-10-29,2:00:00 PM
N/A,DAÑOS,PALMIRA-VILLA RICA,CANDELARIA,SABADO,2021-10-30,2:00:00 PM
CHOQUE,HERIDOS,CANDELARIA-CALI,POBLADO CAMPESTRE,SABADO,2021-10-30,10:00:00 AM
CHOQUE,MUERTOS,CALI-CANDELARIA,EL CARMELO,LUNES,2021-11-01,11:59:00 AM
ATROPELLO,HERIDOS,CALI-CANDELARIA,CANDELARIA,MIERCOLES,2021-11-03,5:15:00 PM
CHOQUE,DAÑOS,CALI-CANDELARIA,POBLADO CAMPESTRE,MIERCOLES,2021-11-03,6:00:00 PM
CHOQUE,HERIDOS,PUERTO TEJADA-PALMIRA,EL ARENAL,VIERNES,2021-11-05,12:15:00 PM
CHOQUE,DAÑOS,CALI-CANDELARIA,POBLADO CAMPESTRE,SABADO,2021-11-06,9:40:00 PM
ATROPELLO,HERIDOS,CALI-CANDELARIA,JUANCHITO,DOMINGO,2021-11-07,3:13:00 AM
CHOQUE,HERIDOS,CALI-CANDELARIA,EL LAURO,LUNES,2021-11-08,10:15:00 AM
CHOQUE,DAÑOS,CALI-CANDELARIA,CANDELARIA,LUNES,2021-11-08,10:15:00 AM
CHOQUE,MUERTOS,CANDELARIA-CALI,CANDELARIA,LUNES,2021-11-08,6:00:00 AM
CHOQUE,DAÑOS,VILLARICA-PALMIRA,CANDELARIA,,2021-11-08,
CHOQUE,DAÑOS,CALI-CANDELARIA,JUANCHITO,MARTES,2021-11-09,6:20:00 PM
VOLCAMIENTO,DAÑOS,PUERTO TEJADA - PALMIRA,EL CABUYAL,MARTES,2021-11-09,4:00:00 PM
CHOQUE,DAÑOS,CALI-CANDELARIA,VILLAGORGONA,MIERCOLES,2021-11-10,7:20:00 PM
CHOQUE,DAÑOS,VILLARICA-PALMIRA,EL LAURO,MIERCOLES,2021-11-10,2:20:00 PM
CHOQUE,DAÑOS,VILLARICA-PALMIRA,EL CABUYAL,JUEVES,2021-11-11,9:23:00 AM
VOLCAMIENTO,DAÑOS,VILLARICA-PALMIRA,RIO EL TRIUNFO,DOMINGO,2021-11-14,9:30:00 PM
CHOQUE,HERIDOS,CANDELARIA-PALMIRA,RIO EL TRIUNFO,DOMINGO,2021-11-14,5:45:00 PM
CHOQUE,HERIDOS,CALI-CANDELARIA,VILLAGORGONA,DOMINGO,2021-11-14,5:40:00 AM
CHOQUE,HERIDOS,CALI-CANDELARIA,VILLAGORGONA,LUNES,2021-11-15,12:10:00 PM
CHOQUE,DAÑOS,CALI-CANDELARIA,JUANCHITO,LUNES,2021-11-15,3:00:00 PM
ATROPELLO,HERIDOS,CALI-CANDELARIA,VILLAGORGONA,LUNES,2021-11-15,8:00:00 AM
ATROPELLO,HERIDOS,CALI-CANDELARIA,JUANCHITO,MARTES,2021-11-16,10:30:00 AM
CHOQUE,DAÑOS,CALI-CANDELARIA,EL LAURO,JUEVES,2021-11-18,1:35:00 PM
CHOQUE,DAÑOS,CALI-CANDELARIA,JUANCHITO,JUEVES,2021-11-18,1:00:00 PM
CHOQUE,DAÑOS,CANDELARIA,CANDELARIA,JUEVES,2021-11-18,10:15:00 AM
CHOQUE,DAÑOS,CALI-CANDELARIA,CANDELARIA,VIERNES,2021-11-19,2:00:00 PM
CHOQUE,HERIDOS,CALI-CANDELARIA,DOMINGO LARGO,MARTES,2021-11-23,11:38:00 AM
CHOQUE,DAÑOS,CALI-CANDELARIA,CANDELARIA,LUNES,2021-11-22,5:30:00 AM
CHOQUE,DAÑOS,VILLARICA-PALMIRA,EL LAURO,MIERCOLES,2021-11-24,5:15:00 PM
CHOQUE,DAÑOS,VILLARICA-PALMIRA,CANDELARIA,,2021-11-24,
CHOQUE,DAÑOS,CALI-CANDELARIA,VILLAGORGONA,VIERNES,2021-11-26,10:00:00 AM
CHOQUE,DAÑOS,CALI-CANDELARIA,JUANCHITO,SABADO,2021-11-27,2:00:00 PM
CHOQUE,DAÑOS,CALI-CANDELARIA,JUANCHITO,DOMINGO,2021-11-28,7:30:00 AM
CHOQUE,DAÑOS,CALI-CANDELARIA,CANDELARIA,LUNES,2021-11-29,10:15:00 AM
CHOQUE,DAÑOS,CALI-CANDELARIA,JUANCHITO,LUNES,2021-11-29,3:00:00 PM
CHOQUE,HERIDOS,CANDELARIA,CANDELARIA,JUEVES,2021-12-02,11:15:00 AM
CHOQUE,DAÑOS,CALI-CANDELARIA,CANDELARIA,VIERNES,2021-12-03,9:10:00 AM
CHOQUE,HERIDOS,CANDELARIA,LA VICTORIA,VIERNES,2021-12-03,2:00:00 PM
CHOQUE,DAÑOS,CALI-CANDELARIA,VILLAGORGONA,VIERNES,2021-12-03,9:10:00 AM
CHOQUE,HERIDOS,CALI-CANDELARIA,LA VICTORIA,SABADO,2021-12-04,12:10:00 PM
CHOQUE,HERIDOS,CALI-CANDELARIA,DOMINGO LARGO,SABADO,2021-12-04,9:00:00 AM
CHOQUE,DAÑOS,CALI-CANDELARIA,VILLAGORGONA,MARTES,2021-12-07,1:10:00 PM
CHOQUE,DAÑOS,CALI-CANDELARIA,POBLADO CAMPESTRE,MARTES,2021-12-07,2:00:00 PM
VOLCAMIENTO,HERIDOS,CALI-CANDELARIA,VILLAGORGONA,MIERCOLES,2021-12-08,6:00:00 PM
CHOQUE,DAÑOS,CALI-CANDELARIA,LA NUBIA,JUEVES,2021-12-09,7:00:00 PM
CHOQUE,DAÑOS,CALI-CANDELARIA,VILLAGORGONA,VIERNES,2021-12-10,4:20:00 PM
CHOQUE,DAÑOS,CALI-CANDELARIA,JUANCHITO,VIERNES,2021-12-10,2:00:00 PM
CHOQUE,DAÑOS,CALI-CANDELARIA,JUANCHITO,DOMINGO,2021-12-12,7:30:00 AM
CHOQUE,DAÑOS,CALI-CANDELARIA,VILLAGORGONA,MARTES,2021-12-14,5:15:00 PM
CHOQUE,DAÑOS,CALI-CANDELARIA,JUANCHITO,MARTES,2021-12-14,1:10:00 PM
CHOQUE,HERIDOS,PUERTO TEJADA-PALMIRA,CANDELARIA,MARTES,2021-12-14,10:00:00 AM
CHOQUE,DAÑOS,CALI-CANDELARIA,JUANCHITO,MIERCOLES,2021-12-15,6:20:00 AM
CHOQUE,DAÑOS,CALI-CANDELARIA,CANDELARIA,MIERCOLES,2021-12-15,12:30:00 PM
CHOQUE,DAÑOS,CALI-CANDELARIA,VILLAGORGONA,MIERCOLES,2021-12-15,2:00:00 PM
ATROPELLO,HERIDOS,CALI-CANDELARIA,EL CARMELO,MIERCOLES,2021-12-15,5:15:00 PM
CHOQUE,HERIDOS,CALI-CANDELARIA,EL CARMELO,JUEVES,2021-12-16,1:00:00 PM
CHOQUE,HERIDOS,CALI-CANDELARIA,VILLAGORGONA,VIERNES,2021-12-17,3:00:00 PM
CHOQUE,HERIDOS,PUERTO TEJADA-PALMIRA,CANDELARIA,SABADO,2021-12-18,7:00:00 AM
CHOQUE,HERIDOS,PUERTO TEJADA-PALMIRA,EL CABUYAL,DOMINGO,2021-12-19,3:13:00 AM
CHOQUE,DAÑOS,CALI-CANDELARIA,VILLAGORGONA,MIERCOLES,2021-12-22,7:30:00 PM
CHOQUE,MUERTOS,CALI-FLORIDA,LA REGINA,MIERCOLES,2021-12-22,9:06:00 AM
VOLCAMIENTO,DAÑOS,CANDELARIA,EL LAURO,JUEVES,2021-12-23,9:00:00 AM
CHOQUE,DAÑOS,CALI-CANDELARIA,CANDELARIA,VIERNES,2021-12-24,9:10:00 AM
CHOQUE,HERIDOS,CALI-CANDELARIA,CANDELARIA,VIERNES,2021-12-24,12:11:00 PM
ATROPELLO,HERIDOS,CALI-CANDELARIA,VILLAGORGONA,VIERNES,2021-12-24,10:00:00 AM
CHOQUE,DAÑOS,CANDELARIA,EL CABUYAL,VIERNES,2021-12-24,4:20:00 PM
CHOQUE,HERIDOS,VILLARICA-PALMIRA,CANDELARIA,DOMINGO,2021-12-26,5:40:00 AM
CHOQUE,DAÑOS,CALI-CANDELARIA,JUANCHITO,DOMINGO,2021-12-26,5:40:00 AM
CHOQUE,DAÑOS,CALI-CANDELARIA,EL CARMELO,VIERNES,2021-12-27,8:20:00 AM
CHOQUE,DAÑOS,VILLARICA-PALMIRA,CANDELARIA,,2021-12-27,
ATROPELLO,MUERTOS,CALI-CANDELARIA,JUANCHITO,MARTES,2021-12-28,2:00:00 PM
CHOQUE,DAÑOS,CALI-CANDELARIA,JUANCHITO,,2021-12-28,
CHOQUE,DAÑOS,CANDELARIA,EL CABUYAL,MIERCOLES,2021-12-29,3:30:00 PM
CHOQUE,DAÑOS,CALI-CANDELARIA,JUANCHITO,JUEVES,2021-12-30,5:15:00 PM
ATROPELLO,MUERTOS,VILLARICA-PALMIRA,EL ARENAL,VIERNES,2021-12-31,9:00:00 PM
CHOQUE,DAÑOS,CANDELARIA-CALI,EL CARMELO,DOMINGO,2022-01-02,11:00:00 PM
CHOQUE,HERIDOS,CALI-CANDELARIA,CANDELARIA,LUNES,2022-01-03,8:00:00 AM
CHOQUE,DAÑOS,CALI-CANDELARIA,VILLAGORGONA,MARTES,2022-01-04,11:00:00 AM
CHOQUE,HERIDOS,PALMIRA-VILLARICA,EL CABUYAL,DOMINGO,2022-01-09,5:00:00 PM
VOLCAMIENTO,DAÑOS,PALMIRA-VILLARICA,EL ARENAL,LUNES,2022-01-10,10:00:00 PM
CHOQUE,HERIDOS,VILLARICA-PALMIRA,CANDELARIA,DOMINGO,2022-01-16,11:00:00 PM
CHOQUE,DAÑOS,VILLARICA-PALMIRA,CANDELARIA,MARTES,2022-01-18,1:00:00 PM
CHOQUE,HERIDOS,CANDELARIA,CANDELARIA,MARTES,2022-01-18,7:00:00 PM
CHOQUE,HERIDOS,CALI-CANDELARIA,JUANCHITO,MIERCOLES,2022-01-19,7:00:00 AM
CHOQUE,DAÑOS,CANDELARIA-PALMIRA,CANDELARIA,MIERCOLES,2022-01-19,3:00:00 PM
CHOQUE,DAÑOS,CALI-CANDELARIA,LA REGINA,MIERCOLES,2022-01-19,7:00:00 PM
CHOQUE,HERIDOS,CALI-CANDELARIA,POBLADO CAMPESTRE,MIERCOLES,2022-01-19,6:00:00 AM
CHOQUE,HERIDOS,CALI-CANDELARIA,VILLAGORGONA,LUNES,2022-01-24,3:00:00 AM
CHOQUE,DAÑOS,CANDELARIA,CANDELARIA,LUNES,2022-01-24,8:00:00 AM
CHOQUE,DAÑOS,CALI-CANDELARIA,VILLAGORGONA,MARTES,2022-01-25,2:00:00 PM
CHOQUE,DAÑOS,CALI-CANDELARIA,JUANCHITO,SABADO,2022-01-29,5:00:00 PM
CHOQUE,HERIDOS,CALI-CANDELARIA,POBLADO CAMPESTRE,SABADO,2022-01-29,2:00:00 PM
CHOQUE,DAÑOS,CALI-CANDELARIA,EL CARMELO,DOMINGO,2022-01-30,11:00:00 AM
CHOQUE,DAÑOS,CALI-CANDELARIA,LA NUBIA,DOMINGO,2022-01-30,1:00:00 AM
CHOQUE,DAÑOS,CALI-CANDELARIA,VILLAGORGONA,LUNES,2022-01-31,4:00:00 PM
OTRO,DAÑOS,CALI-CANDELARIA,JUANCHITO,MARTES,2022-02-01,6:00:00 AM
CHOQUE,DAÑOS,PALMIRA-VILLARICA,EL LAURO,MARTES,2022-02-01,10:00:00 AM
CHOQUE,DAÑOS,VILLARICA-PALMIRA,CANDELARIA,MIERCOLES,2022-02-01,8:00:00 AM
CHOQUE,HERIDOS,PALMIRA-VILLARICA,CANDELARIA,JUEVES,2022-02-01,6:00:00 AM
CHOQUE,DAÑOS,VILLAGORGONA,VILLAGORGONA,MIERCOLES,2022-02-02,12:00:00 PM
CHOQUE,DAÑOS,CANDELARIA-CALI,JUANCHITO,MIERCOLES,2022-02-02,3:00:00 PM
CHOQUE,HERIDOS,CANDELARIA,POBLADO CAMPESTRE,MIERCOLES,2022-02-02,5:00:00 PM
CHOQUE,MUERTOS,PALMIRA-PUERTO TEJADA,EL LAURO,VIERNES,2022-02-04,3:00:00 PM
CHOQUE,HERIDOS,CANDELARIA-CALI,VILLAGORGONA,VIERNES,2022-02-04,3:00:00 PM
CHOQUE,DAÑOS,CALI-CANDELARIA,JUANCHITO,SABADO,2022-02-05,5:00:00 AM
CHOQUE,DAÑOS,CALI-CANDELARIA,JUANCHITO,SABADO,2022-02-05,1:00:00 PM
CHOQUE,DAÑOS,CALI-CANDELARIA,JUANCHITO,SABADO,2022-02-05,12:00:00 PM
CHOQUE,DAÑOS,VILLARICA-PALMIRA,CANDELARIA,MARTES,2022-02-08,8:00:00 AM
CHOQUE,MUERTOS,CALI-CANDELARIA,JUANCHITO,MARTES,2022-02-08,10:00:00 AM
CHOQUE,HERIDOS,PUERTO TEJADA-PALMIRA,CANDELARIA,MARTES,2022-02-08,3:00:00 PM
CHOQUE,DAÑOS,PALMIRA-VILLARICA,EL CABUYAL,MIERCOLES,2022-02-09,12:00:00 PM
CHOQUE,HERIDOS,VILLAGORGONA,VILLAGORGONA,JUEVES,2022-02-10,3:00:00 PM
CHOQUE,DAÑOS,CALI-CANDELARIA,JUANCHITO,VIERNES,2022-02-11,12:00:00 PM
CHOQUE,DAÑOS,CALI-CANDELARIA,VILLAGORGONA,DOMINGO,2022-02-13,12:00:00 PM
CHOQUE,HERIDOS,SAN JOAQUIN-TIPLE,SAN JOAQUIN,DOMINGO,2022-02-13,4:00:00 PM
CHOQUE,DAÑOS,VILLARICA-PALMIRA,EL CABUYAL,MARTES,2022-02-15,6:00:00 AM
CHOQUE,HERIDOS,CANDELARIA-CALI,JUANCHITO,MIERCOLES,2022-02-16,7:00:00 AM
CHOQUE,DAÑOS,POBLADO CAMPESTRE,JUANCHITO,DOMINGO,2022-02-20,11:00:00 AM
VOLCAMIENTO,HERIDOS,VILLARICA-PALMIRA,EL LAURO,MARTES,2022-02-22,2:00:00 PM
CHOQUE,DAÑOS,VILLARICA-PALMIRA,EL LAURO,MIERCOLES,2022-02-23,1:00:00 PM
CHOQUE,HERIDOS,CALI-CANDELARIA,CANDELARIA,VIERNES,2022-02-25,4:00:00 PM
CHOQUE,DAÑOS,CANDELARIA-CALI,JUANCHITO,VIERNES,2022-02-25,6:00:00 AM
CHOQUE,DAÑOS,CALI-CANDELARIA,EL ARENAL,SABADO,2022-02-26,8:00:00 AM
CHOQUE,DAÑOS,CANDELARIA,CANDELARIA,SABADO,2022-02-26,11:00:00 AM
CHOQUE,MUERTOS,VILLARICA-PALMIRA,EL CABUYAL,DOMINGO,2022-02-27,7:00:00 PM
CHOQUE,DAÑOS,VILLARICA-PALMIRA,EL CABUYAL,DOMINGO,2022-02-27,8:00:00 PM
CHOQUE,HERIDOS,CALI-CANDELARIA,JUANCHITO,DOMINGO,2022-02-27,4:00:00 PM
ATROPELLO,MUERTOS,PALMIRA-VILLARICA,EL ARENAL,LUNES,2022-02-28,5:00:00 AM
CHOQUE,DAÑOS,EL CARMELO,EL CARMELO,MARTES,2022-03-01,6:00:00 AM
VOLCAMIENTO,MUERTOS,CANDELARIA-CALI,JUANCHITO,MIERCOLES,2022-03-02,3:00:00 PM
CHOQUE,DAÑOS,CALI-CANDELARIA,EL CARMELO,JUEVES,2022-03-03,12:00:00 PM
CHOQUE,HERIDOS,CALI-CANDELARIA,POBLADO CAMPESTRE,JUEVES,2022-03-03,8:00:00 PM
CHOQUE,HERIDOS,VILLARICA-PALMIRA,CANDELARIA,SABADO,2022-03-05,11:00:00 AM
CHOQUE,DAÑOS,EL CARMELO,EL CARMELO,DOMINGO,2022-03-06,10:00:00 AM
CHOQUE,DAÑOS,CANDELARIA-CALI,JUANCHITO,MIERCOLES,2022-03-09,6:00:00 AM
CHOQUE,DAÑOS,CALI-CANDELARIA,EL CARMELO,MIERCOLES,2022-03-09,5:00:00 AM
VOLCAMIENTO,HERIDOS,CANDELARIA-CALI,EL CARMELO,MIERCOLES,2022-03-09,7:00:00 AM
CHOQUE,DAÑOS,VILLAGORGONA-CANDELARIA,VILLAGORGONA,VIERNES,2022-03-11,11:00:00 AM
CHOQUE,DAÑOS,CALI-CANDELARIA,DOMINGO LARGO,SABADO,2022-03-12,12:00:00 PM
CHOQUE,HERIDOS,VILLAGORGONA-CANDELARIA,VILLAGORGONA,DOMINGO,2022-03-13,8:00:00 AM
CHOQUE,HERIDOS,JUANCHITO,JUANCHITO,MARTES,2022-03-15,3:00:00 PM
VOLCAMIENTO,HERIDOS,PALMIRA-VILLARICA,EL LAURO,MARTES,2022-03-15,4:00:00 PM
CHOQUE,DAÑOS,VILLARICA-PALMIRA,EL CABUYAL,MIERCOLES,2022-03-16,2:00:00 PM
CHOQUE,HERIDOS,JUANCHITO,JUANCHITO,VIERNES,2022-03-18,5:00:00 AM
CHOQUE,MUERTOS,CALI-CANDELARIA,JUANCHITO,SABADO,2022-03-19,2:00:00 PM
CHOQUE,DAÑOS,VILLARICA-PALMIRA,CANDELARIA,SABADO,2022-03-19,2:00:00 PM
CHOQUE,DAÑOS,CALI-FLORIDA,LA REGINA,MARTES,2022-03-08,5:00:00 AM
CHOQUE,DAÑOS,CALI-FLORIDA,CANDELARIA,LUNES,2022-03-14,5:00:00 PM
CHOQUE,DAÑOS,CALI-CANDELARIA,JUANCHITO,SABADO,2022-03-19,10:00:00 AM
CHOQUE,HERIDOS,CALI-CANDELARIA,EL CARMELO,MIERCOLES,2022-03-23,7:00:00 AM
CHOQUE,DAÑOS,CALI-CANDELARIA,VILLAGORGONA,MIERCOLES,2022-03-23,1:00:00 PM
CHOQUE,DAÑOS,CALI-CANDELARIA,JUANCHITO,JUEVES,2022-03-24,6:00:00 AM
CHOQUE,DAÑOS,CALI-CANDELARIA,JUANCHITO,VIERNES,2022-03-25,5:00:00 AM
CHOQUE,HERIDOS,CANDELARIA-LA TUPIA,CANDELARIA,VIERNES,2022-03-25,8:00:00 PM
CHOQUE,DAÑOS,CANDELARIA-CALI,JUANCHITO,DOMINGO,2022-03-27,9:00:00 PM
CHOQUE,DAÑOS,CANDELARIA-CALI,VILLAGORGONA,MARTES,2022-03-29,7:00:00 AM
CHOQUE,HERIDOS,VILLAGORGONA,VILLAGORGONA,JUEVES,2022-03-31,9:00:00 AM
CHOQUE,DAÑOS,VILLARICA-PALMIRA,EL CABUYAL,JUEVES,2022-03-31,11:00:00 PM
CHOQUE,DAÑOS,PALMIRA-VILLARICA,EL CABUYAL,LUNES,2022-04-01,6:00:00 AM
CHOQUE,DAÑOS,CALI-CANDELARIA,JUANCHITO,MARTES,2022-04-05,7:00:00 AM
CHOQUE,DAÑOS,CALI-CANDELARIA,POBLADO CAMPESTRE,JUEVES,2022-04-07,8:00:00 AM
CHOQUE,DAÑOS,VILLAGORGONA,VILLAGORGONA,JUEVES,2022-04-07,11:00:00 AM
CHOQUE,DAÑOS,CALI-CANDELARIA,JUANCHITO,SABADO,2022-04-09,8:00:00 AM
CHOQUE,DAÑOS,CANDELARIA-CALI,JUANCHITO,SABADO,2022-04-09,11:00:00 AM
CHOQUE,DAÑOS,VILLARICA-PALMIRA,TURIN,SABADO,2022-04-09,5:00:00 PM
ATROPELLO,HERIDOS,VILLAGORGONA,VILLAGORGONA,MIERCOLES,2022-04-03,8:00:00 PM
CHOQUE,HERIDOS,CALI-CANDELARIA,JUANCHITO,MARTES,2022-04-05,4:00:00 PM
CHOQUE,HERIDOS,CALI-CANDELARIA,CANDELARIA,MARTES,2022-04-05,5:00:00 PM
CHOQUE,HERIDOS,CALI-CANDELARIA,JUANCHITO,MIERCOLES,2022-04-06,12:00:00 PM
CHOQUE,MUERTOS,VILLARICA-PALMIRA,CANDELARIA,DOMINGO,2022-04-10,3:00:00 PM
CHOQUE,DAÑOS,PALMIRA-VILLARICA,CANDELARIA,LUNES,2022-04-11,3:00:00 PM
CHOQUE,DAÑOS,CANDELARIA-CALI,EL CARMELO,LUNES,2022-04-11,7:00:00 PM
CHOQUE,HERIDOS,CALI-CANDELARIA,POBLADO CAMPESTRE,LUNES,2022-04-11,5:00:00 PM
CHOQUE,DAÑOS,CANDELARIA,CANDELARIA,LUNES,2022-04-11,5:00:00 PM
CHOQUE,HERIDOS,CANDELARIA-CALI,VILLAGORGONA,MARTES,2022-04-12,11:00:00 AM
CHOQUE,HERIDOS,CANDELARIA-CALI,VILLAGORGONA,MIERCOLES,2022-04-13,4:00:00 PM
CHOQUE,DAÑOS,CANDELARIA-CALI,JUANCHITO,MIERCOLES,2022-04-13,1:00:00 PM
CHOQUE,HERIDOS,PALMIRA-VILLARICA,CANDELARIA,VIERNES,2022-04-15,9:00:00 AM
CHOQUE,DAÑOS,POBLADO CAMPESTRE,POBLADO CAMPESTRE,SABADO,2022-04-16,5:00:00 PM
CHOQUE,DAÑOS,VILLARICA-PALMIRA,CANDELARIA,LUNES,2022-04-18,6:00:00 PM
CHOQUE,DAÑOS,CANDELARIA,CANDELARIA,MARTES,2022-04-19,3:00:00 PM
CHOQUE,HERIDOS,VILLARICA-PALMIRA,CANDELARIA,MIERCOLES,2022-04-20,1:00:00 PM
CHOQUE,DAÑOS,JUANCHITO,JUANCHITO,MIERCOLES,2022-04-20,7:00:00 PM
CHOQUE,HERIDOS,CALI-CANDELARIA,DOMINGO LARGO,VIERNES,2022-04-22,12:00:00 PM
CHOQUE,DAÑOS,POBLADO CAMPESTRE,POBLADO CAMPESTRE,VIERNES,2022-04-22,11:00:00 AM
CHOQUE,DAÑOS,CALI-CANDELARIA,VILLAGORGONA,SABADO,2022-04-23,7:00:00 AM
CHOQUE,HERIDOS,VILLARICA-PALMIRA,CANDELARIA,DOMINGO,2022-04-24,3:00:00 PM
CHOQUE,HERIDOS,CALI-CANDELARIA,CANDELARIA,MIERCOLES,2022-04-27,7:00:00 PM
CHOQUE,DAÑOS,CALI-CANDELARIA,JUANCHITO,MIERCOLES,2022-04-27,5:00:00 PM
ATROPELLO,MUERTOS,POBLADO CAMPESTRE,POBLADO CAMPESTRE,JUEVES,2022-04-28,4:00:00 PM
CHOQUE,HERIDOS,CANDELARIA-CALI,VILLAGORGONA,SABADO,2022-04-30,7:00:00 AM
CHOQUE,HERIDOS,CANDELARIA-CALI,POBLADO CAMPESTRE,DOMINGO,2022-05-01,1:00:00 PM
CHOQUE,DAÑOS,CANDELARIA-CALI,VILLAGORGONA,MARTES,2022-05-03,1:00:00 PM
CHOQUE,DAÑOS,CANDELARIA-CALI,POBLADO CAMPESTRE,MARTES,2022-05-03,5:00:00 PM
ATROPELLO,HERIDOS,CANDELARIA-CALI,JUANCHITO,MIERCOLES,2022-05-04,6:00:00 AM
CHOQUE,DAÑOS,PUERTO TEJADA-PALMIRA,CANDELARIA,VIERNES,2022-05-06,12:00:00 PM
CHOQUE,MUERTOS,VILLARICA-PALMIRA,PUERTA AMARILLA,SABADO,2022-05-07,5:00:00 AM
CHOQUE,DAÑOS,VILLARICA-PALMIRA,CANDELARIA,DOMINGO,2022-05-08,6:00:00 AM
VOLCAMIENTO,HERIDOS,CALI-CANDELARIA,EL CARMELO,DOMINGO,2022-05-08,11:00:00 AM
CHOQUE,HERIDOS,VILLARICA-PALMIRA,EL CABUYAL,LUNES,2022-05-09,4:00:00 PM
VOLCAMIENTO,DAÑOS,JUANCHITO,JUANCHITO,MIERCOLES,2022-05-11,6:00:00 AM
CHOQUE,DAÑOS,CALI-CANDELARIA,JUANCHITO,VIERNES,2022-05-13,8:00:00 AM
CHOQUE,HERIDOS,CALI-CANDELARIA,EL CARMELO,SABADO,2022-05-14,8:00:00 PM
CHOQUE,HERIDOS,CALI-CANDELARIA,VILLAGORGONA,DOMINGO,2022-05-15,12:00:00 PM
CHOQUE,HERIDOS,CALI-CANDELARIA,JUANCHITO,DOMINGO,2022-05-15,9:00:00 PM
ATROPELLO,MUERTOS,CALI-CANDELARIA,CANDELARIA,LUNES,2022-05-16,11:00:00 AM
CHOQUE,DAÑOS,CANDELARIA-CALI,JUANCHITO,MARTES,17/005/2022,6:00:00 PM
CHOQUE,HERIDOS,PALMIRA-VILLARICA,EL ARENAL,MARTES,2022-05-17,7:00:00 PM
CHOQUE,DAÑOS,VILLARICA-PALMIRA,EL LAURO,MARTES,2022-05-17,8:00:00 AM
VOLCAMIENTO,DAÑOS,CALI-CANDELARIA,EL CARMELO,MIERCOLES,2022-05-18,10:00:00 PM
CHOQUE,DAÑOS,CANDELARIA-CALI,JUANCHITO,MIERCOLES,2022-05-18,6:00:00 AM
CHOQUE,DAÑOS,CALI-CANDELARIA,CANDELARIA,JUEVES,2022-05-19,6:00:00 AM
CHOQUE,DAÑOS,CALI-CANDELARIA,JUANCHITO,JUEVES,2022-05-19,6:00:00 AM
CHOQUE,DAÑOS,PALMIRA-VILLARICA,CANDELARIA,JUEVES,2022-05-19,12:00:00 PM
CHOQUE,DAÑOS,CALI-CANDELARIA,VILLAGORGONA,VIERNES,2022-05-20,11:00:00 AM
CHOQUE,DAÑOS,PUERTO TEJADA-PALMIRA,EL LAURO,LUNES,2022-05-23,5:00:00 PM
CHOQUE,DAÑOS,CALI-CANDELARIA,JUANCHITO,LUNES,2022-05-23,6:00:00 AM
CHOQUE,DAÑOS,CALI-CANDELARIA,JUANCHITO,LUNES,2022-05-23,8:00:00 AM
CHOQUE,DAÑOS,VILLARICA-PALMIRA,EL LAURO,MIERCOLES,2022-05-25,4:00:00 PM
CHOQUE,DAÑOS,CALI-CANDELARIA,JUANCHITO,JUEVES,2022-05-26,1:00:00 PM
CHOQUE,DAÑOS,CALI-CANDELARIA,JUANCHITO,VIERNES,2022-05-27,4:00:00 PM
CHOQUE,DAÑOS,CANDELARIA-FLORIDA,CANDELARIA,MARTES,2022-05-31,11:00:00 AM
CHOQUE,DAÑOS,CALI-CANDELARIA,JUANCHITO,MIERCOLES,2022-06-01,7:00:00 AM
CHOQUE,DAÑOS,VILLARICA-PALMIRA,CANDELARIA,MIERCOLES,2022-06-01,7:00:00 AM
CHOQUE,HERIDOS,VILLARICA-PALMIRA,EL LAURO,MIERCOLES,2022-06-01,6:00:00 AM
CHOQUE,DAÑOS,CALI-CANDELARIA,JUANCHITO,MIERCOLES,2022-06-01,12:00:00 PM
CHOQUE,HERIDOS,CALI-CANDELARIA,JUANCHITO,MIERCOLES,2022-06-01,5:00:00 PM
CHOQUE,DAÑOS,CALI-CANDELARIA,VILLAGORGONA,JUEVES,2022-06-02,2:00:00 PM
CHOQUE,HERIDOS,CALI-CANDELARIA,JUANCHITO,JUEVES,2022-06-02,4:00:00 PM
CHOQUE,DAÑOS,POBLADO CAMPESTRE,POBLADO CAMPESTRE,SABADO,2022-06-04,7:00:00 AM
CHOQUE,HERIDOS,CANDELARIA,CANDELARIA,DOMINGO,2022-06-05,3:00:00 PM
CHOQUE,DAÑOS,CALI-CANDELARIA,VILLAGORGONA,LUNES,2022-06-06,2:00:00 PM
CHOQUE,HERIDOS,VILLARICA-PALMIRA,EL LAURO,LUNES,2022-06-06,6:00:00 PM
CHOQUE,DAÑOS,CANDELARIA,CANDELARIA,LUNES,2022-06-06,8:00:00 PM
CHOQUE,DAÑOS,CALI-CANDELARIA,JUANCHITO,MIERCOLES,2022-06-08,5:00:00 AM
CHOQUE,DAÑOS,CALI-CANDELARIA,JUANCHITO,MIERCOLES,2022-06-08,8:00:00 AM
CHOQUE,DAÑOS,CALI-CANDELARIA,JUANCHITO,MIERCOLES,2022-06-08,8:00:00 AM
CHOQUE,HERIDOS,CALI-CANDELARIA,VILLAGORGONA,JUEVES,2022-06-09,6:00:00 AM
CHOQUE,HERIDOS,VILLAGORGONA,VILLAGORGONA,JUEVES,2022-06-09,10:00:00 AM
CHOQUE,MUERTOS,CALI-CANDELARIA,JUANCHITO,VIERNES,2022-06-10,9:00:00 PM
CHOQUE,DAÑOS,CANDELARIA-CALI,JUANCHITO,VIERNES,2022-06-10,5:00:00 PM
CHOQUE,HERIDOS,CALI-CANDELARIA,JUANCHITO,DOMINGO,2022-06-12,12:00:00 PM
CHOQUE,HERIDOS,CALI-CANDELARIA,EL CARMELO,MARTES,2022-06-14,7:00:00 PM
VOLCAMIENTO,HERIDOS,CALI-CANDELARIA,JUANCHITO,VIERNES,2022-06-17,4:00:00 PM
CHOQUE,DAÑOS,CANDELARIA,CANDELARIA,SABADO,2022-06-18,10:00:00 AM
CHOQUE,HERIDOS,CALI-CANDELARIA,JUANCHITO,SABADO,2022-06-18,4:00:00 PM
CHOQUE,HERIDOS,CANDELARIA-CALI,JUANCHITO,LUNES,2022-06-20,5:00:00 PM
CHOQUE,DAÑOS,VILLAGORGONA,VILLAGORGONA,MARTES,2022-06-21,2:00:00 PM
CHOQUE,DAÑOS,VILLARICA-PALMIRA,EL LAURO,MARTES,2022-06-21,12:00:00 PM
CHOQUE,HERIDOS,POBLADO CAMPESTRE,POBLADO CAMPESTRE,MIERCOLES,2022-06-22,10:00:00 PM
CHOQUE,DAÑOS,PALMIRA-VILLARICA,EL LAURO,MIERCOLES,2022-06-22,7:00:00 AM
CHOQUE,DAÑOS,CANDELARIA,CANDELARIA,VIERNES,2022-06-24,9:00:00 AM
ATROPELLO,HERIDOS,POBLADO CAMPESTRE,POBLADO CAMPESTRE,LUNES,2022-06-27,12:00:00 PM
CHOQUE,DAÑOS,CALI-CANDELARIA,JUANCHITO,MIERCOLES,2022-06-29,4:00:00 AM
ATROPELLO,HERIDOS,SAN JOAQUIN-EL CARMELO,LA GLORIA,MIERCOLES,2022-06-29,6:00:00 PM
CHOQUE,HERIDOS,VILLARICA-PALMIRA,CANDELARIA,JUEVES,2022-06-30,10:00:00 AM
ATROPELLO,HERIDOS,CALI-CANDELARIA,JUANCHITO,SABADO,2022-07-02,4:00:00 PM
CHOQUE,HERIDOS,CANDELARIA,CANDELARIA,SABADO,2022-07-02,2:00:00 PM
CHOQUE,DAÑOS,VILLARICA-PALMIRA,EL LAURO,SABADO,2022-07-02,12:00:00 PM
CHOQUE,DAÑOS,PUERTO TEJADA-PALMIRA,EL CABUYAL,MARTES,2022-07-05,12:00:00 PM
CHOQUE,DAÑOS,CALI-CANDELARIA,DOMINGO LARGO,MARTES,2022-07-05,4:00:00 PM
CHOQUE,DAÑOS,CALI-CANDELARIA,EL CARMELO,VIERNES,2022-07-08,9:00:00 AM
OTRO,HERIDOS,PUERTO TEJADA-PALMIRA,EL LAURO,SABADO,2022-07-09,4:00:00 PM
CHOQUE,DAÑOS,POBLADO CAMPESTRE,POBLADO CAMPESTRE,DOMINGO,2022-07-10,9:00:00 PM
OTRO,HERIDOS,VILLAGORGONA,VILLAGORGONA,LUNES,2022-07-11,9:00:00 AM
CHOQUE,DAÑOS,EL CARMELO,EL CARMELO,JUEVES,2022-07-14,11:00:00 AM
CHOQUE,MUERTOS,CALI-FLORIDA,CANDELARIA,DOMINGO,2022-07-17,2:00:00 PM
CHOQUE,DAÑOS,CANDELARIA-PRADERA,CANDELARIA,DOMINGO,2022-07-17,10:00:00 AM
CHOQUE,DAÑOS,EL CARMELO,EL CARMELO,MIERCOLES,2022-07-20,11:00:00 AM
ATROPELLO,HERIDOS,VILLAGORGONA,VILLAGORGONA,DOMINGO,2022-07-24,12:00:00 PM
CHOQUE,DAÑOS,VILLARICA-PALMIRA,CANDELARIA,DOMINGO,2022-07-24,1:00:00 AM
CHOQUE,DAÑOS,PUERTO TEJADA-PALMIRA,EL CABUYAL,MIERCOLES,2022-07-25,12:00:00 PM
CHOQUE,HERIDOS,VILLAGORGONA,VILLAGORGONA,MARTES,2022-07-26,1:00:00 PM
CHOQUE,DAÑOS,VILLARICA-PALMIRA,CANDELARIA,LUNES,2022-08-01,12:00:00 PM
CHOQUE,HERIDOS,CANDELARIA-CALI,JUANCHITO,JUEVES,2022-08-04,6:00:00 AM
CHOQUE,MUERTOS,PALMIRA-VILLARICA,CANDELARIA,JUEVES,2022-08-04,5:00:00 AM
CHOQUE,HERIDOS,EL CARMELO,EL CARMELO,DOMINGO,2022-08-07,5:00:00 PM
CHOQUE,HERIDOS,CALI-CANDELARIA,JUANCHITO,LUNES,2022-08-08,6:00:00 AM
CHOQUE,DAÑOS,CANDELARIA-CALI,VILLAGORGONA,VIERNES,2022-08-12,11:00:00 AM
OBJETO FIJO,HERIDOS,CANDELARIA-CALI,CANDELARIA,SABADO,2022-08-13,9:00:00 PM
CHOQUE,DAÑOS,VILLARICA-PALMIRA,EL CABUYAL,LUNES,2022-08-15,5:00:00 AM
ATROPELLO,HERIDOS,CALI-CANDELARIA,VILLAGORGONA,VIERNES,2022-08-12,7:00:00 PM
CHOQUE,DAÑOS,VILLARICA-PALMIRA,CANDELARIA,SABADO,2022-08-13,3:00:00 PM
CHOQUE,HERIDOS,CALI-CANDELARIA,EL CARMELO,MIERCOLES,2022-08-17,6:00:00 AM
CHOQUE,HERIDOS,CANDELARIA,CANDELARIA,MARTES,2022-08-16,6:00:00 PM
CHOQUE,HERIDOS,VILLARICA-PALMIRA,CANDELARIA,MIERCOLES,2022-08-17,4:00:00 PM
CHOQUE,DAÑOS,CALI-CANDELARIA,VILLAGORGONA,SABADO,2022-08-20,3:00:00 PM
CHOQUE,HERIDOS,CALI-FLORIDA,CANDELARIA,SABADO,2022-08-20,3:00:00 AM
CHOQUE,HERIDOS,VILLAGORGONA,VILLAGORGONA,DOMINGO,2022-08-21,10:00:00 PM
CHOQUE,DAÑOS,CANDELARIA-CALI,JUANCHITO,JUEVES,2022-08-25,8:00:00 PM
CHOQUE,DAÑOS,PALMIRA-VILLARICA,CANDELARIA,VIERNES,2022-08-26,10:00:00 AM
CHOQUE,HERIDOS,CANDELARIA-CALI,EL CARMELO,MIERCOLES,2022-08-24,4:00:00 PM
CHOQUE,HERIDOS,CANDELARIA-CALI,EL CARMELO,VIERNES,2022-08-26,8:00:00 PM
ATROPELLO,HERIDOS,CALI-CANDELARIA,VILLAGORGONA,SABADO,2022-08-27,11:00:00 AM
CHOQUE,DAÑOS,PUERTO TEJADA-PALMIRA,EL CABUYAL,SABADO,2022-08-27,7:00:00 PM
CHOQUE,DAÑOS,CANDELARIA-CALI,JUANCHITO,DOMINGO,2022-08-28,12:00:00 PM
CHOQUE,HERIDOS,VILLARICA-PALMIRA,CANDELARIA,MARTES,2022-08-30,4:00:00 PM
ATROPELLO,HERIDOS,CANDELARIA-CALI,CANDELARIA,MARTES,2022-08-30,6:00:00 PM
CHOQUE,DAÑOS,CANDELARIA,CANDELARIA,JUEVES,2022-09-01,2:00:00 PM
CHOQUE,DAÑOS,CANDELARIA-CALI,JUANCHITO,SABADO,2022-09-03,8:00:00 PM
VOLCAMIENTO,HERIDOS,CALI-CANDELARIA,JUANCHITO,DOMINGO,2022-09-04,11:00:00 PM
CHOQUE,HERIDOS,CANDELARIA-CALI,JUANCHITO,MARTES,2022-09-06,6:00:00 AM
CHOQUE,DAÑOS,CANDELARIA,CANDELARIA,MIERCOLES,2022-08-07,11:00:00 PM
CHOQUE,DAÑOS,PALMIRA-VILLARICA,CANDELARIA,MIERCOLES,2022-09-07,10:00:00 PM
CHOQUE,DAÑOS,POBLADO CAMPESTRE,POBLADO CAMPESTRE,VIERNES,2022-09-09,9:00:00 AM
ATROPELLO,HERIDOS,VILLARICA-PALMIRA,EL LAURO,SABADO,2022-09-10,7:00:00 AM
ATROPELLO,HERIDOS,JUANCHITO,JUANCHITO,DOMINGO,2022-09-18,12:00:00 PM
ATROPELLO,HERIDOS,CALI-CANDELARIA,CANDELARIA,VIERNES,2022-09-16,5:00:00 AM
CHOQUE,HERIDOS,CALI-CANDELARIA,CANDELARIA,LUNES,2022-09-16,6:00:00 AM
CHOQUE,HERIDOS,CALI-CANDELARIA,EL CARMELO,DOMINGO,2022-09-18,7:00:00 AM
CHOQUE,HERIDOS,CANDELARIA,CANDELARIA,LUNES,2022-09-19,7:00:00 PM
CHOQUE,DAÑOS,VILLARICA-PALMIRA,EL CABUYAL,MARTES,2022-09-20,9:00:00 AM
CHOQUE,DAÑOS,CANDELARIA-CALI,JUANCHITO,VIERNES,2022-09-23,6:00:00 PM
CHOQUE,HERIDOS,CANDELARIA-CALI,EL CARMELO,VIERNES,2022-09-23,12:00:00 PM
CHOQUE,HERIDOS,CALI-CANDELARIA,JUANCHITO,VIERNES,2022-09-23,8:00:00 PM
CHOQUE,DAÑOS,PUERTO TEJADA-PALMIRA,CANDELARIA,SABADO,2022-09-24,2:00:00 PM
CHOQUE,HERIDOS,CANDELARIA,CANDELARIA,VIERNES,2022-09-23,10:00:00 PM
CHOQUE,HERIDOS,VILLAGORGONA,CANDELARIA,DOMINGO,2022-09-25,6:00:00 PM
CHOQUE,HERIDOS,VILLAGORGONA,VILLAGORGONA,MARTES,2022-09-27,4:00:00 PM
CHOQUE,MUERTOS,JUANCHITO,JUANCHITO,JUEVES,2022-09-30,7:00:00 AM
CHOQUE,DAÑOS,VILLAGORGONA,VILLAGORGONA,MIERCOLES,2022-09-28,11:00:00 AM
CHOQUE,HERIDOS,CALI-CANDELARIA,DOMINGO LARGO,DOMINGO,2022-10-02,12:00:00 PM
VOLCAMIENTO,MUERTOS,CALI-CANDELARIA,EL CARMELO,LUNES,2022-10-03,5:00:00 AM
CHOQUE,DAÑOS,PUERTO TEJADA-PALMIRA,EL CABUYAL,MARTES,2022-10-04,5:00:00 PM
CHOQUE,DAÑOS,CALI-CANDELARIA,VILLAGORGONA,MARTES,2022-10-04,8:00:00 PM
CHOQUE,HERIDOS,PALMIRA-VILLARICA,EL CABUYAL,JUEVES,2022-10-06,11:00:00 AM
CHOQUE,HERIDOS,CALI-CANDELARIA,EL CARMELO,VIERNES,2022-10-07,5:00:00 PM
CHOQUE,HERIDOS,CANDELARIA,CANDELARIA,MARTES,2011-10-11,7:00:00 AM
CHOQUE,HERIDOS,CALI-CANDELARIA,JUANCHITO,VIERNES,2022-10-14,12:00:00 PM
CHOQUE,DAÑOS,VILLARICA-PALMIRA,CANDELARIA,DOMINGO,2022-10-16,11:00:00 AM
CHOQUE,HERIDOS,CANDELARIA,CANDELARIA,LUNES,2022-10-17,1:00:00 AM
CHOQUE,HERIDOS,CALI-CANDELARIA,VILLAGORGONA,LUNES,2022-10-17,11:00:00 AM
CHOQUE,DAÑOS,CALI-CANDELARIA,EL CARMELO,MIERCOLES,2022-10-19,12:00:00 PM
CHOQUE,DAÑOS,CALI-CANDELARIA,JUANCHITO,JUEVES,2022-10-20,7:00:00 AM
CHOQUE,DAÑOS,CANDELARIA-CALI,VILLAGORGONA,JUEVES,2022-10-20,5:00:00 PM
CHOQUE,MUERTOS,PALMIRA-VILLARICA,EL LAURO,SABADO,2022-10-22,5:00:00 AM
CHOQUE,DAÑOS,PALMIRA-PUERTO TEJADA,CANDELARIA,MARTES,2022-10-25,1:00:00 AM
CHOQUE,HERIDOS,CALI-CANDELARIA,JUANCHITO,MARTES,2022-10-25,4:00:00 PM
CHOQUE,HERIDOS,CALI-CANDELARIA,JUANCHITO,VIERNES,2022-10-28,9:00:00 AM
CHOQUE,DAÑOS,POBLADO CAMPESTRE,CANDELARIA,MARTES,2022-11-01,12:00:00 PM
CHOQUE,HERIDOS,CALI-CANDELARIA,EL CARMELO,MARTES,2022-11-01,6:00:00 AM
VOLCAMIENTO,HERIDOS,CALI-CANDELARIA,JUANCHITO,MIERCOLES,2022-11-02,5:00:00 AM
CHOQUE,HERIDOS,CANDELARIA-FLORIDA,LA REGINA,JUEVES,2022-11-03,7:00:00 PM
ATROPELLO,HERIDOS,CALI-CANDELARIA,JUANCHITO,SABADO,2022-11-05,10:00:00 PM
CHOQUE,HERIDOS,CANDELARIA-PRADERA,CANDELARIA,SABADO,2022-11-05,8:00:00 AM
ATROPELLO,HERIDOS,CALI-CANDELARIA,JUANCHITO,LUNES,2022-11-07,5:00:00 AM
CHOQUE,DAÑOS,CANDELARIA,CANDELARIA,MARTES,2022-11-08,8:00:00 PM
VOLCAMIENTO,MUERTOS,CALI-CANDELARIA,CANDELARIA,DOMINGO,2022-11-13,4:00:00 AM
CHOQUE,HERIDOS,CANDELARIA-CALI,EL CARMELO,LUNES,2022-11-14,7:00:00 AM
CHOQUE,HERIDOS,VILLARICA-PALMIRA,EL CABUYAL,MIERCOLES,2022-11-16,7:00:00 AM
ATROPELLO,HERIDOS,CALI-CANDELARIA,VILLAGORGONA,SABADO,2022-11-19,11:00:00 AM
CHOQUE,HERIDOS,VILLARICA-PALMIRA,CANDELARIA,JUEVES,2022-11-10,7:00:00 PM
CHOQUE,DAÑOS,PUERTO TEJADA-PALMIRA,CANDELARIA,VIERNES,2022-11-11,8:00:00 AM
CHOQUE,HERIDOS,CALI-CANDELARIA,POBLADO CAMPESTRE,DOMINGO,2022-11-20,9:00:00 PM
CHOQUE,HERIDOS,PUERTO TEJADA-PALMIRA,EL ARENAL,MIERCOLES,2022-11-23,5:00:00 PM
ATROPELLO,HERIDOS,CALLE 13 CON CR 7,CANDELARIA,MIERCOLES,2022-11-23,9:00:00 AM
CHOQUE,HERIDOS,CALI-CANDELARIA,JUANCHITO,MIERCOLES,2022-11-23,7:00:00 AM
CHOQUE,HERIDOS,CANDELARIA-CALI,JUANCHITO,MIERCOLES,2022-11-28,7:00:00 AM
CHOQUE,MUERTOS,CALI-CANDELARIA,JUANCHITO,VIERNES,2022-11-30,5:00:00 AM
CHOQUE,HERIDOS,CALLE 3 CON CR 5,CANDELARIA,JUEVES,2022-12-01,12:00:00 PM
CHOQUE,HERIDOS,VILLARICA-PALMIRA,CANDELARIA,VIERNES,2022-12-02,11:00:00 AM
CHOQUE,HERIDOS,CALI-CANDELARIA,SAN JOAQUIN,SABADO,2022-12-03,3:00:00 PM
CHOQUE,DAÑOS,CALI-FLORIDA,CANDELARIA,DOMINGO,2022-12-04,6:00:00 AM
CHOQUE,DAÑOS,VILLARICA-PALMIRA,EL CABUYAL,DOMINGO,2022-12-04,5:00:00 PM
CHOQUE,HERIDOS,CALI-CANDELARIA,POBLADO CAMPESTRE,LUNES,2022-12-05,12:00:00 PM
CHOQUE,HERIDOS,CALI-CANDELARIA,JUANCHITO,VIERNES,2022-12-09,8:00:00 AM
ATROPELLO,HERIDOS,CALI-CANDELARIA,POBLADO CAMPESTRE,SABADO,2002-12-10,8:00:00 AM
CHOQUE,DAÑOS,CALI-CANDELARIA,VILLAGORGONA,LUNES,2022-12-12,8:00:00 AM
CHOQUE,HERIDOS,CALI-CANDELARIA,EL CARMELO,MIERCOLES,2022-12-14,4:00:00 PM
CHOQUE,HERIDOS,CALI-CANDELARIA,JUANCHITO,LUNES,2022-12-19,1:00:00 PM
VOLCAMIENTO,HERIDOS,CALI-CANDELARIA,CANDELARIA,MIERCOLES,2022-12-21,8:00:00 AM
CHOQUE,HERIDOS,CANDELARIA-CALI,POBLADO CAMPESTRE,DOMINGO,2022-12-25,8:00:00 AM
ATROPELLO,HERIDOS,PALMIRA-VILLARICA,EL ARENAL,DOMINGO,2023-01-01,11:00:00 AM
CHOQUE,HERIDOS,CARRERA 15 - CALLE 21,VILLAGORGONA,DOMINGO,2023-01-01,6:00:00 PM
CHOQUE,HERIDOS,CANDELARIA-CALI,JUANCHITO,DOMINGO,2023-01-01,10:00:00 PM
CHOQUE,HERIDOS,CANDELARIA-CALI,JUANCHITO,DOMINGO,2023-01-01,10:00:00 PM
CHOQUE,HERIDOS,CALI-CANDELARIA,CANDELARIA,LUNES,2023-01-02,5:00:00 AM
CHOQUE,HERIDOS,CALI-FLORIDA,CANDELARIA,LUNES,2023-01-02,7:00:00 AM
CHOQUE,HERIDOS,CANDELARIA-CALI,JUANCHITO,MARTES,2023-01-03,7:00:00 AM
CHOQUE,HERIDOS,CALLE 16 CR 16,VILLAGORGONA,VIERNES,2023-01-06,10:00:00 AM
VOLCAMIENTO,HERIDOS,CANDELARIA-PRADERA,CANDELARIA,DOMINGO,2023-01-08,8:00:00 AM
CHOQUE,HERIDOS,CANDELARIA-CALI,JUANCHITO,DOMINGO,2023-01-15,10:00:00 AM
ATROPELLO,HERIDOS,CANDELARIA,CANDELARIA,MARTES,2023-01-17,7:00:00 AM
CHOQUE,HERIDOS,CALLE 13 CALLE 18,EL CARMELO,VIERNES,2023-01-20,11:00:00 AM
CHOQUE,HERIDOS,CANDELARIA,CANDELARIA,JUEVES,2023-01-26,9:00:00 AM
CHOQUE,HERIDOS,CANDELARIA-PALMIRA,CANDELARIA,SABADO,2023-01-28,5:00:00 AM
CHOQUE,HERIDOS,CALI-CANDELARIA,VILLAGORGONA,DOMINGO,2023-01-29,3:00:00 PM
CHOQUE,HERIDOS,CANDELARIA,CANDELARIA,JUEVES,2023-02-02,8:00:00 PM
CHOQUE,HERIDOS,CALI-CANDELARIA,EL CARMELO,VIERNES,2023-02-03,7:00:00 AM
CHOQUE,HERIDOS,CALI-CANDELARIA,JUANCHITO,VIERNES,2023-02-03,3:00:00 PM
CHOQUE,DAÑOS,PUERTOTEJADA-PALMIRA,CANDELARIA,VIERNES,2023-02-03,5:00:00 AM
CHOQUE,HERIDOS,PUERTOTEJADA-PALMIRA,CANDELARIA,VIERNES,2023-02-03,5:00:00 AM
VOLCAMIENTO,MUERTOS,CALI-CANDELARIA,JUANCHITO,DOMINGO,2023-02-05,8:00:00 AM
CHOQUE,HERIDOS,CALI-CANDELARIA,JUANCHITO,DOMINGO,2023-02-05,9:00:00 PM
CHOQUE,DAÑOS,VILLARICA-PALMIRA,EL LAURO,JUEVES,2023-02-09,2:00:00 PM
CHOQUE,HERIDOS,VILLARICA-PALMIRA,EL LAURO,JUEVES,2023-02-09,3:00:00 PM
CHOQUE,HERIDOS,VILLARICA-PALMIRA,CANDELARIA,DOMINGO,2023-02-12,9:00:00 AM
CHOQUE,HERIDOS,CALLE 16 CARRERA 42B,JUANCHITO,DOMINGO,2023-02-12,8:00:00 PM
VOLCAMIENTO,HERIDOS,CALI-CANDELARIA,EL CARMELO,MIERCOLES,2023-02-15,7:00:00 PM
CHOQUE,HERIDOS,CANDELARIA-CALI,CANDELARIA,JUEVES,2023-02-16,9:00:00 AM
CHOQUE,HERIDOS,CALI-CANDELARIA,JUANCHITO,VIERNES,2023-02-17,8:00:00 AM
CHOQUE,HERIDOS,VILLARICA-PALMIRA,CANDELARIA,VIERNES,2023-02-24,12:00:00 PM
CHOQUE,HERIDOS,CALI-CANDELARIA,CANDELARIA,SABADO,2023-02-25,8:00:00 PM
CHOQUE,HERIDOS,CALI-CANDELARIA,EL CARMELO,MARTES,2023-02-28,7:00:00 PM
VOLCAMIENTO,MUERTOS,CALI-CANDELARIA,CANDELARIA,DOMINGO,2023-03-05,12:00:00 PM
CHOQUE,HERIDOS,CALI-CANDELARIA,JUANCHITO,DOMINGO,2023-03-05,8:00:00 PM
CHOQUE,HERIDOS,VILLARICA-PALMIRA,EL LAURO,JUEVES,2023-03-09,7:00:00 AM
CHOQUE,HERIDOS,CARMELO - SAN JOAQUIN,SAN JOAQUIN,JUEVES,2023-03-09,3:00:00 PM
CHOQUE,MUERTOS,VILLARICA-PALMIRA,EL CABUYAL,VIERNES,2023-03-10,11:00:00 PM
CHOQUE,HERIDOS,CALI-CANDELARIA,EL CARMELO,VIERNES,2023-03-10,1:00:00 AM
CHOQUE,HERIDOS,VILLARICA-PALMIRA,EL ARENAL,VIERNES,2023-03-24,4:00:00 PM
VOLCAMIENTO,HERIDOS,VILLARICA-PALMIRA,PUEBLITO VIEJO,LUNES,2023-03-27,3:00:00 PM
ATROPELLO,HERIDOS,"CR 37, CALLE 14",JUANCHITO,VIERNES,2023-03-31,7:00:00 AM
CHOQUE,HERIDOS,CANDELARIA-CALI,JUANCHITO,MIERCOLES,2023-04-05,8:00:00 AM
CHOQUE,HERIDOS,CANDELARIA,CANDELARIA,SABADO,2023-04-08,12:00:00 PM
CHOQUE,HERIDOS,CALI-CANDELARIA,EL CARMELO,DOMINGO,2023-04-09,11:00:00 AM
VOLCAMIENTO,MUERTOS,CALI-CANDELARIA,VILLAGORGONA,MIERCOLES,2023-04-12,8:00:00 PM
CHOQUE,HERIDOS,CANDELARIA,CANDELARIA,VIERNES,2023-04-14,10:00:00 PM
CHOQUE,HERIDOS,CANDELARIA,CANDELARIA,MARTES,2023-04-14,6:00:00 PM
CHOQUE,HERIDOS,CANDELARIA-CALI,JUANCHITO,SABADO,2023-04-15,11:00:00 AM
CHOQUE,HERIDOS,CALI-CANDELARIA,VILLAGORGONA,DOMINGO,2023-04-16,2:00:00 PM
CHOQUE,HERIDOS,CALI-FLORIDA,LA REGINA,LUNES,2023-04-17,7:00:00 PM
CHOQUE,MUERTOS,CALI-FLORIDA,CANDELARIA,SABADO,2023-04-22,4:00:00 AM
CHOQUE,HERIDOS,CANDELARIA,CANDELARIA,DOMINGO,2023-04-23,5:00:00 PM
CHOQUE,HERIDOS,CALI-CANDELARIA,VILLAGORGONA,MIERCOLES,2023-04-26,7:00:00 AM
CHOQUE,HERIDOS,CALI-CANDELARIA,CANDELARIA,VIERNES,2023-04-28,10:00:00 PM
VOLCAMIENTO,HERIDOS,SAN JOAQUIN - TIPLE,EL TIPLE,SABADO,2023-05-06,3:00:00 PM
VOLCAMIENTO,HERIDOS,CALI-CANDELARIA,JUANCHITO,LUNES,2023-05-08,7:00:00 AM
CHOQUE,MUERTOS,CALI-CANDELARIA,EL CARMELO,LUNES,2023-05-08,10:00:00 AM
CHOQUE,DAÑOS,CANDELARIA,CANDELARIA,JUEVES,2023-05-11,6:00:00 AM
CHOQUE,DAÑOS,CR 37-CALLE 18,JUANCHITO,JUEVES,2023-05-11,9:00:00 AM
CHOQUE,HERIDOS,CALI-CANDELARIA,JUANCHITO,LUNES,2023-05-15,12:00:00 PM
CHOQUE,HERIDOS,CANDELARIA-CALI,EL CARMELO,MIERCOLES,2023-11-17,5:00:00 PM
CHOQUE,HERIDOS,CANDELARIA-CALI,EL CARMELO,SABADO,2023-05-20,11:00:00 PM
CAIDA OCUPANTE,HERIDOS,CALI-CANDELARIA,EL CARMELO,SABADO,2023-05-20,4:00:00 AM
CHOQUE,HERIDOS,PUERTOTEJADA-PALMIRA,EL CABUYAL,LUNES,2023-05-22,3:00:00 PM
CHOQUE,HERIDOS,CANDELARIA-CALI,JUANCHITO,MARTES,2023-05-23,6:00:00 AM
CHOQUE,HERIDOS,CANDELARIA-CALI,JUANCHITO,MARTES,2023-05-23,6:00:00 AM
CHOQUE,DAÑOS,CALI-CANDELARIA,VILLAGORGONA,MARTES,2023-05-23,3:00:00 PM
CHOQUE,HERIDOS,CALI-CANDELARIA,EL CARMELO,MIERCOLES,2023-05-24,6:00:00 PM
CHOQUE,HERIDOS,EL CARMELO,EL CARMELO,DOMINGO,2023-05-28,10:00:00 AM
CHOQUE,HERIDOS,PUERTOTEJADA-PALMIRA,EL CABUYAL,DOMINGO,2023-05-28,12:00:00 PM
CHOQUE,HERIDOS,CANDELARIA-CALI,EL CARMELO,JUEVES,2023-06-01,12:00:00 AM
CHOQUE,HERIDOS,CALI-CANDELARIA,JUANCHITO,SABADO,2023-06-03,6:00:00 AM
CHOQUE,HERIDOS,POBLADO CAMPESTRE,JUANCHITO,LUNES,2023-06-05,5:00:00 PM
CHOQUE,HERIDOS,CALI-CANDELARIA,CANDELARIA,MARTES,2023-06-07,6:00:00 PM
CHOQUE,DAÑOS,CALI-CANDELARIA,JUANCHITO,JUEVES,2023-06-09,12:00:00 PM
CHOQUE,HERIDOS,CANDELARIA-CALI,JUANCHITO,SABADO,2023-06-11,1:00:00 PM
VOLCAMIENTO,DAÑOS,CALI-CANDELARIA,CANDELARIA,DOMINGO,2023-06-12,6:00:00 AM
CHOQUE,HERIDOS,CALI-CANDELARIA,VILLAGORGONA,JUEVES,2023-06-15,12:00:00 PM
CHOQUE,HERIDOS,CANDELARIA-CALI,JUANCHITO,SABADO,2023-06-17,8:00:00 PM
CHOQUE,MUERTOS,CALI-FLORIDA,CANDELARIA,LUNES,2023-06-19,7:00:00 PM
CAIDA OCUPANTE,HERIDOS,CR 37 CALLE 14F,JUANCHITO,MARTES,2023-06-27,8:00:00 AM
ATROPELLO,MUERTOS,CALI-CANDELARIA,JUANCHITO,MIERCOLES,2023-06-28,5:00:00 AM
CHOQUE,HERIDOS,VILLARICA-PALMIRA,CANDELARIA,SABADO,2023-07-01,2:00:00 PM
VOLCAMIENTO,HERIDOS,CALI-CANDELARIA,JUANCHITO,DOMINGO,2023-07-02,3:00:00 AM
CHOQUE,HERIDOS,CR 37 CON CALLE 15 D,JUANCHITO,DOMINGO,2023-07-02,6:00:00 PM
CHOQUE,DAÑOS,CALI-CANDELARIA,VILLAGORGONA,MIERCOLES,2023-07-05,3:00:00 PM
CHOQUE,HERIDOS,CANDELARIA-CALI,JUANCHITO,DOMINGO,2023-07-09,9:00:00 AM
CHOQUE,HERIDOS,CALI-CANDELARIA,JUANCHITO,VIERNES,2023-07-14,6:00:00 AM
CHOQUE,HERIDOS,PALMIRA-VILLARICA,CANDELARIA,VIERNES,2023-07-14,3:00:00 PM
CHOQUE,MUERTOS,CALI-CANDELARIA,EL CARMELO,DOMINGO,2023-07-16,10:00:00 PM
CHOQUE,HERIDOS,CANDELARIA-PRADERA,CANDELARIA,LUNES,2023-07-17,12:00:00 PM
CAIDA OCUPANTE,HERIDOS,CALI-CANDELARIA,EL CARMELO,DOMINGO,2023-07-16,2:00:00 PM
CHOQUE,HERIDOS,POBLADO CAMPESTRE,JUANCHITO,DOMINGO,2022-07-23,7:00:00 PM
CHOQUE,HERIDOS,FLORIDA-CALI,CANDELARIA,MIERCOLES,2023-07-19,10:00:00 AM
ATROPELLO,HERIDOS,CALI-CANDELARIA,JUANCHITO,MIERCOLES,2023-07-26,7:00:00 AM
CHOQUE,HERIDOS,CALI-CANDELARIA,CANDELARIA,JUEVES,2023-07-29,5:00:00 PM
CHOQUE,HERIDOS,CALLE 12 CON CR 45,JUANCHITO,DOMINGO,2023-07-30,10:00:00 PM
CHOQUE,HERIDOS,VILLARICA-PALMIRA,CANDELARIA,MIERCOLES,2023-08-02,5:00:00 PM
CHOQUE,MUERTOS,VILLARICA-PALMIRA,EL ARENAL,VIERNES,2023-08-04,6:00:00 PM
CHOQUE,HERIDOS,CALI-CANDELARIA,JUANCHITO,DOMINGO,2023-08-06,8:00:00 PM
CHOQUE,DAÑOS,CALI-CANDELARIA,VILLAGORGONA,MIERCOLES,2023-08-09,4:00:00 PM
CHOQUE,MUERTOS,CALI-CANDELARIA,VILLAGORGONA,JUEVES,2023-08-10,2:00:00 PM
CHOQUE,HERIDOS,VILLARICA-PALMIRA,EL ARENAL,SABADO,2023-08-12,6:00:00 PM
CHOQUE,MUERTOS,PUERTOTEJADA-PALMIRA,EL LAURO,LUNES,2023-08-14,6:00:00 AM
CHOQUE,HERIDOS,CALI-CANDELARIA,JUANCHITO,MARTES,2023-08-15,7:00:00 AM
CHOQUE,HERIDOS,CALI-CANDELARIA,JUANCHITO,VIERNES,2023-08-18,6:00:00 PM
ATROPELLO,MUERTOS,VILLARICA-PALMIRA,EL ARENAL,DOMINGO,2023-08-20,7:00:00 PM
CHOQUE,HERIDOS,CALI-CANDELARIA,JUANCHITO,JUEVES,2023-08-24,2:00:00 AM
CHOQUE,HERIDOS,CARRERA 12 CON CALLE 13,CANDELARIA,MARTES,2023-08-29,12:00:00 PM
CHOQUE,HERIDOS,CANDELARIA-CALI,JUANCHITO,VIERNES,2023-09-01,1:00:00 PM
CHOQUE,HERIDOS,CARRERA 36 CON CALLE 16C,JUANCHITO,DOMINGO,2023-09-03,2:00:00 PM
CHOQUE,HERIDOS,CALI-FLORIDA,CANDELARIA,MIERCOLES,2023-09-06,12:00:00 PM
CHOQUE,HERIDOS,CALI-CANDELARIA,VILLAGORGONA,VIERNES,2023-09-08,8:00:00 PM
CHOQUE,HERIDOS,CARRERA 10,VILLAGORGONA,MIERCOLES,2023-09-13,12:00:00 PM
ATROPELLO,HERIDOS,CALI-FLORIDA,CANDELARIA,VIERNES,2023-09-15,6:00:00 AM
CHOQUE,MUERTOS,CALI-FLORIDA,CANDELARIA,SABADO,2023-09-16,5:00:00 AM
CHOQUE,HERIDOS,CALI-CANDELARIA,JUANCHITO,SABADO,2023-09-16,9:00:00 PM
CHOQUE,HERIDOS,CALI-FLORIDA,LA REGINA,VIERNES,2023-09-15,4:50:00 PM
CHOQUE,HERIDOS,CALI-CANDELARIA,VILLAGORGONA,MIERCOLES,2023-09-20,5:00:00 PM
CHOQUE,HERIDOS,CANDELARIA,CANDELARIA,LUNES,2023-09-25,4:00:00 PM
CHOQUE,HERIDOS,CANDELARIA-PALMIRA,CANDELARIA,LUNES,2023-09-25,6:00:00 AM
ATROPELLO,HERIDOS,VILLARICA-PALMIRA,CANDELARIA,JUEVES,2023-09-28,5:00:00 AM
CHOQUE,HERIDOS,EL CARMELO,EL CARMELO,DOMINGO,2023-10-01,2:00:00 AM
CHOQUE,DAÑOS,CALI-CANDELARIA,JUANCHITO,DOMINGO,2023-10-01,3:00:00 AM
VOLCAMIENTO,HERIDOS,CANDELARIA-CALI,JUANCHITO,LUNES,2023-10-02,1:00:00 PM
CHOQUE,HERIDOS,CANDELARIA-CALI,JUANCHITO,JUEVES,2023-10-05,5:00:00 AM
CHOQUE,DAÑOS,VILLARICA-PALMIRA,EL LAURO,DOMINGO,2023-10-08,6:00:00 PM
CHOQUE,HERIDOS,CANDELARIA-CALI,CANDELARIA,LUNES,2023-10-09,9:15:00 AM
CHOQUE,HERIDOS,PALMIRA-VILLARICA,EL LAURO,MARTES,2023-10-10,12:00:00 PM
CHOQUE,HERIDOS,CALI-CANDELARIA,CANDELARIA,MARTES,2023-10-10,5:00:00 PM
CHOQUE,HERIDOS,CALI-CANDELARIA,JUANCHITO,MIERCOLES,2023-10-11,9:00:00 PM
CHOQUE,HERIDOS,CALI-CANDELARIA,JUANCHITO,VIERNES,2023-10-13,6:00:00 AM
CHOQUE,HERIDOS,CANDELARIA-CALI,VILLAGORGONA,DOMINGO,2023-10-15,9:00:00 AM
VOLCAMIENTO,MUERTOS,CANDELARIA-PRADERA,CANDELARIA,DOMINGO,2023-10-15,9:00:00 AM
CHOQUE,MUERTOS,EL CARMELO - TIPLE,EL CARMELO,DOMINGO,2023-10-15,2:00:00 PM
VOLCAMIENTO,MUERTOS,VILLARICA-PALMIRA,CANDELARIA,MARTES,2023-10-17,2:00:00 AM
CHOQUE,HERIDOS,CANDELARIA-CALI,VILLAGORGONA,MIERCOLES,2023-10-18,8:00:00 AM
CHOQUE,HERIDOS,CANDELARIA-CALI,JUANCHITO,DOMINGO,2023-10-22,1:00:00 PM
CHOQUE,HERIDOS,VILLARICA-PALMIRA,EL CABUYAL,DOMINGO,2023-10-22,7:00:00 PM
CHOQUE,HERIDOS,CARRERA 35D CON CALLE 14,JUANCHITO,DOMINGO,2023-10-22,6:00:00 PM
VOLCAMIENTO,MUERTOS,PALMIRA-VILLARICA,EL LAURO,MIERCOLES,2023-10-25,5:00:00 PM
CHOQUE,MUERTOS,PALMIRA-VILLARICA,LA ARGENTINA,VIERNES,2023-10-27,5:00:00 AM
CHOQUE,HERIDOS,CANDELARIA-CALI,JUANCHITO,VIERNES,2023-10-27,6:00:00 PM
VOLCAMIENTO,MUERTOS,CANDELARIA,LA REGINA,LUNES,2023-10-30,9:00:00 AM
CHOQUE,HERIDOS,CANDELARIA-CALI,JUANCHITO,MARTES,2023-10-31,2:00:00 PM
CHOQUE,HERIDOS,CALI-CANDELARIA,JUANCHITO,MIERCOLES,2023-11-01,4:00:00 PM
CHOQUE,MUERTOS,PALMIRA-VILLARICA,EL CABUYAL,JUEVES,2023-11-02,2:00:00 PM
,MUERTOS,VILLARICA-PALMIRA,CANDELARIA,JUEVES,2023-11-02,5:00:00 PM
CHOQUE,MUERTOS,CARRERA 37 CALLE 16,JUANCHITO,DOMINGO,2023-11-05,11:00:00 PM
CHOQUE,HERIDOS,VILLARICA-PALMIRA,CANDELARIA,MARTES,2023-11-07,6:00:00 PM
CHOQUE,HERIDOS,CALI-CANDELARIA,JUANCHITO,LUNES,2023-11-27,6:00:00 PM
CHOQUE,HERIDOS,VILLARICA-PALMIRA,EL CABUYAL,VIERNES,2023-11-10,1:00:00 PM
CHOQUE,DAÑOS,CALI-CANDELARIA,JUANCHITO,SABADO,2023-11-18,4:00:00 AM
ATROPELLO,HERIDOS,CANDELARIA-CALI,EL CARMELO,SABADO,2023-11-18,7:00:00 PM
CHOQUE,HERIDOS,CALI-CANDELARIA,EL CARMELO,LUNES,2024-07-01,5:00:00 PM
CHOQUE,HERIDOS,CALI-CANDELARIA,VILLAGORGONA,DOMINGO,2023-11-26,10:00:00 AM
CHOQUE,HERIDOS,CALI-CANDELARIA,JUANCHITO,SABADO,2023-11-25,7:00:00 PM
CHOQUE,MUERTOS,VILLARICA-PALMIRA,EL CABUYAL,DOMINGO,2023-11-26,6:00:00 PM
CHOQUE,HERIDOS,CR 30 OESTE CALLE 11,JUANCHITO,VIERNES,2023-12-02,5:00:00 PM
CHOQUE,HERIDOS,CALI-CANDELARIA,JUANCHITO,LUNES,2023-12-05,8:00:00 AM
CHOQUE,HERIDOS,CALI-CANDELARIA,JUANCHITO,JUEVES,2023-12-07,12:00:00 AM
CHOQUE,HERIDOS,VILLARICA-PALMIRA,EL CABUYAL,VIERNES,2023-12-08,3:00:00 AM
VOLCAMIENTO,HERIDOS,PALMIRA - VILLARICA,CANDELARIA,SABADO,2023-12-09,6:00:00 AM
CHOQUE,HERIDOS,CALI-CANDELARIA,JUANCHITO,LUNES,2023-12-11,1:00:00 PM
CHOQUE,HERIDOS,CALI-CANDELARIA,JUANCHITO,LUNES,2023-12-11,4:00:00 PM
VOLCAMIENTO,DAÑOS,PALMIRA-VILLARICA,CANDELARIA,MARTES,2023-12-12,11:00:00 PM
CHOQUE,HERIDOS,VILLARICA-PALMIRA,EL CABUYAL,VIERNES,2023-12-15,3:00:00 PM
VOLCAMIENTO,DAÑOS,CALLE 11 CON CR 4,CANDELARIA,VIERNES,2023-12-15,7:00:00 PM
CHOQUE,HERIDOS,CALI-CANDELARIA,JUANCHITO,SABADO,2023-12-16,3:00:00 AM
CHOQUE,HERIDOS,VILLAGORGONA,VILLAGORGONA,MIERCOLES,2023-12-20,10:00:00 PM
CHOQUE,MUERTOS,VILLARICA-PALMIRA,EL LAURO,JUEVES,2023-12-21,12:00:00 PM
CHOQUE,HERIDOS,CALI-CANDELARIA,JUANCHITO,JUEVES,2023-12-21,10:00:00 AM
ATROPELLO,HERIDOS,CANDELARIA,CANDELARIA,JUEVES,2023-12-21,7:00:00 PM
CHOQUE,HERIDOS,CALI-FLORIDA,CANDELARIA,LUNES,2023-12-25,1:00:00 AM
CHOQUE,HERIDOS,PALMIRA-VILLARICA,EL ARENAL,LUNES,2023-12-29,2:00:00 AM
CHOQUE,HERIDOS,CALI-FLORIDA,LA COLOMBIANA,MARTES,2024-01-02,11:00:00 AM
CHOQUE,HERIDOS,CALI-CANDELARIA,POBLADO CAMPESTRE,MARTES,2024-01-02,8:00:00 PM
CHOQUE,HERIDOS,CALI-PRADERA,ING. MAYAGUEZ,MIERCOLES,2024-01-01,5:00:00 AM
CHOQUE,MUERTOS,PALMIRA-VILLARICA,PARRAGA,SABADO,2024-01-06,2:00:00 AM
CHOQUE,HERIDOS,CR 14 CON CALLE 20,VILLAGORGONA,SABADO,2024-01-06,4:00:00 PM
CHOQUE,HERIDOS,CALI-FLORIDA,EL CRUCERO,DOMINGO,2024-01-07,1:00:00 AM
CHOQUE,MUERTOS,CALI-CANDELARIA,EL ARENAL,LUNES,2024-01-08,5:00:00 AM
CHOQUE,HERIDOS,VILLARICA-PALMIRA,EL LAURO,MIERCOLES,2024-01-10,10:00:00 AM
CHOQUE,MUERTOS,VILLARICA-PALMIRA,EL UVAL,MIERCOLES,2024-01-10,3:00:00 PM
VOLCAMIENTO,HERIDOS,EL CARMELO,EL CARMELO,DOMINGO,2024-01-14,12:00:00 AM
CHOQUE,HERIDOS,CANDELARIA-CALI,POBLADO CAMPESTRE,LUNES,2024-01-15,5:00:00 AM
CHOQUE,HERIDOS,VILLARICA-PALMIRA,EL ARENAL,JUEVES,2024-01-18,5:00:00 AM
CHOQUE,HERIDOS,PALMIRA-VILLARICA,EL CABUYAL,SABADO,2024-01-20,6:00:00 PM
CHOQUE,HERIDOS,FLORIDA-CALI,EL CRUCERO,DOMINGO,2024-01-28,1:00:00 PM
CHOQUE,HERIDOS,CALI-CANDELARIA,EL CRUCERO,DOMINGO,2024-01-28,7:00:00 PM
VOLCAMIENTO,DAÑOS,VILLARICA-PALMIRA,EL UVAL,MARTES,2024-01-16,1:00:00 AM
CHOQUE,MUERTOS,PALMIRA-VILLARICA,EL CABUYAL,MARTES,2024-01-30,1:00:00 PM
CHOQUE,HERIDOS,CALI-CANDELARIA,JUANCHITO,DOMINGO,2024-02-04,8:00:00 PM
CHOQUE,HERIDOS,PALMIRA-VILLARICA,EL CABUYAL,MARTES,2024-02-06,5:00:00 AM
CHOQUE,HERIDOS,VILLAGORGONA,VILLAGORGONA,JUEVES,2024-02-08,5:30:00 PM
CHOQUE,HERIDOS,CR 37 CON CALLE 22,POBLADO CAMPESTRE,DOMINGO,2024-02-11,12:00:00 PM
CHOQUE,HERIDOS,POBLADO CAMPESTRE,POBLADO CAMPESTRE,DOMINGO,2024-02-11,8:00:00 PM
CHOQUE,HERIDOS,PALMIRA-VILLARICA,PARRAGA,DOMINGO,2024-02-11,8:00:00 PM
CHOQUE,HERIDOS,CALI-FLORIDA,LA ALIANZA,MARTES,2024-02-13,1:00:00 PM
ATROPELLO,HERIDOS,CANDELARIA-CALI,EL CARMELO,JUEVES,2024-02-15,12:00:00 PM
CHOQUE,HERIDOS,CANDELARIA-CALI,JUANCHITO,VIERNES,2024-02-16,4:00:00 PM
CHOQUE,HERIDOS,VILLAGORGONA,VILLAGORGONA,DOMINGO,2024-02-18,8:00:00 AM
CHOQUE,DAÑOS,CALLE 94,JUANCHITO,LUNES,2024-02-19,5:00:00 PM
CHOQUE,HERIDOS,CALI-CANDELARIA,DOMINGO LARGO,MARTES,2024-02-20,6:00:00 AM
OTRO,HERIDOS,CALI-CANDELARIA,EL CARMELO,JUEVES,2024-02-22,8:00:00 AM
CHOQUE,HERIDOS,CABECERA-CANDELARIA,CABECERA-CANDELARIA,SABADO,2024-02-24,11:00:00 PM
CHOQUE,HERIDOS,CALI-CANDELARIA,POBLADO CAMPESTRE,LUNES,2024-02-26,8:00:00 AM
CHOQUE,HERIDOS,CABECERA-CANDELARIA,CABECERA-CANDELARIA,MARTES,2024-02-27,12:00:00 PM
CHOQUE,MUERTOS,PUERTO TEJADA - CANDELARIA,EL CABUYAL,MIERCOLES,2024-02-28,7:00:00 AM
CHOQUE,HERIDOS,CANDELARIA-CALI,JUANCHITO,MIERCOLES,2024-03-06,6:00:00 AM
CHOQUE,HERIDOS,CABECERA-CANDELARIA,CABECERA-CANDELARIA,DOMINGO,2024-03-10,7:00:00 AM
CHOQUE,HERIDOS,CALI-CANDELARIA,JUANCHITO,LUNES,2024-03-11,5:00:00 PM
CHOQUE,HERIDOS,CALI-CANDELARIA,JUANCHITO,MARTES,2024-03-12,6:00:00 PM
CHOQUE,HERIDOS,CANDELARIA-PALMIRA,EL LAURO,MARTES,2024-03-12,7:00:00 PM
CHOQUE,DAÑOS,CALI-CANDELARIA,EL CARMELO,MIERCOLES,2024-03-13,4:00:00 AM
ATROPELLO,HERIDOS,CALLE 14 - MANZANARES,POBLADO CAMPESTRE,JUEVES,2024-03-14,6:00:00 AM
CHOQUE,HERIDOS,VILLARICA-PALMIRA,EL CABUYAL,JUEVES,2024-03-14,12:00:00 PM
CHOQUE,HERIDOS,PALMIRA-VILLARICA,EL LAURO,JUEVES,2024-03-14,6:00:00 PM
CHOQUE,HERIDOS,CANDELARIA-CALI,DOMINGO LARGO,JUEVES,2024-03-14,10:00:00 PM
ATROPELLO,HERIDOS,CALLE 20 ENTRE CR 35C Y 36,POBLADO CAMPESTRE,VIERNES,2024-03-15,2:00:00 PM
CHOQUE,MUERTOS,CANDELARIA-CALI,EL CARMELO,LUNES,2024-03-25,2:00:00 AM
CHOQUE,HERIDOS,CANDELARIA-CALI,EL CARMELO,DOMINGO,2024-03-17,7:00:00 AM
CHOQUE,HERIDOS,CALI-CANDELARIA,EL CARMELO,LUNES,2024-03-18,3:00:00 PM
CHOQUE,HERIDOS,PUERTO TEJADA - PALMIRA,PROVENZA,MIERCOLES,2024-03-20,6:00:00 PM
CHOQUE,HERIDOS,CALI-CANDELARIA,EL CRUCERO,VIERNES,2024-03-22,3:00:00 PM
CHOQUE,MUERTOS,CANDELARIA-CALI,JUANCHITO,DOMINGO,2024-03-24,9:00:00 PM
CHOQUE,MUERTOS,CALI-CANDELARIA,VILLAGORGONA,LUNES,2024-03-25,3:00:00 PM
CHOQUE,HERIDOS,CALI-FLORIDA,EL CRUCERO,DOMINGO,2024-03-30,6:00:00 PM
CHOQUE,HERIDOS,CANDELARIA-CALI,EL CARMELO,LUNES,2024-04-01,6:00:00 AM
CHOQUE,HERIDOS,CANDELARIA-CALI,VILLAGORGONA,LUNES,2024-04-01,4:00:00 PM
CHOQUE,MUERTOS,CANDELARIA-CALI,EL CRUCERO,MARTES,2024-04-09,5:00:00 AM
ATROPELLO,HERIDOS,VILLARICA-PALMIRA,EL CABUYAL,SABADO,2024-04-13,6:00:00 AM
CHOQUE,MUERTOS,CANDELARIA-CALI,SAN JUAN,SABADO,2024-04-13,6:00:00 AM
CHOQUE,HERIDOS,VILLARICA-PALMIRA,ZAINERAS,MIERCOLES,2024-04-10,7:00:00 PM
CHOQUE,HERIDOS,PALMIRA-VILLARICA,EL ARENAL,MIERCOLES,2024-04-17,5:00:00 AM
CHOQUE,HERIDOS,PALMIRA-VILLARICA,EL CABUYAL,MIERCOLES,2024-04-17,7:00:00 AM
ATROPELLO,MUERTOS,CALI-CANDELARIA,EL CARMELO,SABADO,2024-04-20,8:00:00 PM
CHOQUE,HERIDOS,CALI-CANDELARIA,POBLADO CAMPESTRE,JUEVES,2024-04-25,11:00:00 AM
CHOQUE,MUERTOS,VILLARICA-PALMIRA,EL ARENAL,DOMINGO,2024-04-28,1:00:00 PM
ATROPELLO,HERIDOS,VILLAGORGONA-BUCHITOLO,VILLAGORGONA,LUNES,2024-04-29,12:00:00 AM
CHOQUE,HERIDOS,CANDELARIA-CALI,DOMINGO LARGO,MARTES,2024-04-30,2:00:00 PM
CHOQUE,HERIDOS,CALI-CANDELARIA,JUANCHITO,VIERNES,2024-05-03,6:00:00 AM
CHOQUE,HERIDOS,CANDELARIA-PALMIRA,CANDELARIA,VIERNES,2024-05-03,5:00:00 PM
CHOQUE,MUERTOS,SAN JOAQUIN - EL TIPLE,EL CARMELO,LUNES,2024-05-06,2:00:00 PM
CHOQUE,HERIDOS,PALMIRA-VILLARICA,PROVENZA,MARTES,2024-05-07,5:00:00 PM
CHOQUE,HERIDOS,CALI-CANDELARIA,EL CRUCERO,JUEVES,2024-05-09,9:00:00 PM
CHOQUE,DAÑOS,CANDELARIA-CALI,JUANCHITO,VIERNES,2024-05-10,5:00:00 PM
CHOQUE,HERIDOS,CANDELARIA-CALI,EL CARMELO,JUEVES,2024-05-16,8:00:00 AM
CHOQUE,HERIDOS,CALI-CANDELARIA,POBLADO CAMPESTRE,MARTES,2024-05-14,11:00:00 AM
CHOQUE,MUERTOS,VILLARICA-PALMIRA,EL LAURO,MARTES,2024-05-14,9:00:00 PM
CHOQUE,HERIDOS,VILLAGORGONA,VILLAGORGONA,JUEVES,2024-05-16,5:00:00 PM
CHOQUE,HERIDOS,PALMIRA-VILLARICA,TURIN,VIERNES,2024-05-17,8:00:00 PM
CHOQUE,HERIDOS,CALI-FLORIDA,LA COLOMBIANA,SABADO,2024-05-25,10:00:00 PM
CHOQUE,HERIDOS,VILLAGORGONA,VILLAGORGONA,DOMINGO,2024-05-26,10:00:00 AM
ATROPELLO,HERIDOS,CANDELARIA-CALI,VILLAGORGONA,SABADO,2024-05-25,1:00:00 AM
CHOQUE,DAÑOS,CANDELARIA-CALI,DOMINGO LARGO,MARTES,2024-05-28,7:00:00 AM
ATROPELLO,HERIDOS,ESTACION DE POLICIA GORGONA,VILLAGORGONA,VIERNES,2024-05-31,4:00:00 PM
CHOQUE,HERIDOS,CALI-CANDELARIA,JUANCHITO,SABADO,2024-05-18,7:00:00 PM
CHOQUE,HERIDOS,CALI-CANDELARIA,EL CARMELO,DOMINGO,2024-05-19,4:00:00 AM
CHOQUE,HERIDOS,CALLE 23 CR 12,POBLADO CAMPESTRE,MARTES,2024-05-07,3:00:00 PM
CHOQUE,MUERTOS,CANDELARIA-PALMIRA,PROVENZA,MARTES,2024-06-04,2:00:00 PM
CHOQUE,HERIDOS,CABECERA-CANDELARIA,CABECERA-CANDELARIA,JUEVES,2024-06-06,3:00:00 PM
CHOQUE,HERIDOS,PUERTOTEJADA-CANDELARIA,EL TRIUNFO,JUEVES,2024-06-20,6:00:00 AM
CHOQUE,HERIDOS,CALI-CANDELARIA,EL CRUCERO,VIERNES,2024-06-14,4:00:00 AM
ATROPELLO,MUERTOS,VILLARICA-PALMIRA,PARRAGA,MARTES,2024-06-11,6:00:00 PM
CHOQUE,HERIDOS,CANDELARIA-CALI,EL CARMELO,MIERCOLES,2024-06-12,9:00:00 AM
CHOQUE,HERIDOS,CALI-CANDELARIA,VILLAGORGONA,DOMINGO,2024-06-16,8:00:00 PM
CHOQUE,DAÑOS,VILLARICA-PALMIRA,CANDELARIA,MIERCOLES,2024-06-19,2:00:00 PM
CHOQUE,HERIDOS,CALI-CANDELARIA,JUANCHITO,DOMINGO,2024-06-23,2:00:00 PM
CHOQUE,HERIDOS,CALI-CANDELARIA,JUANCHITO,SABADO,2024-06-22,11:00:00 PM
CHOQUE,HERIDOS,FLORIDA-CALI,EL CRUCERO,VIERNES,2024-06-28,5:00:00 PM
CHOQUE,DAÑOS,SAN JOAQUIN - EL TIPLE,EL TIPLE,MIERCOLES,2024-06-26,8:00:00 AM
VOLCAMIENTO,HERIDOS,LA COLOMBIANA,LA COLOMBIANA,DOMINGO,2024-06-30,2:00:00 AM
CHOQUE,HERIDOS,VILLARICA-PALMIRA,EL LAURO,MARTES,2024-07-02,5:00:00 AM
CHOQUE,HERIDOS,CALI-CANDELARIA,JUANCHITO,MARTES,2024-07-02,7:00:00 AM
CHOQUE,HERIDOS,CALI-CANDELARIA,EL CRUCERO,MIERCOLES,2024-07-03,7:00:00 PM
CHOQUE,HERIDOS,CR 14 CALLE 21,VILLAGORGONA,SABADO,2024-07-06,2:00:00 PM
CHOQUE,HERIDOS,VILLARICA-PALMIRA,CABECERA-CANDELARIA,DOMINGO,2024-07-07,5:00:00 AM
CHOQUE,MUERTOS,CALI-CANDELARIA,JUANCHITO,LUNES,2024-07-08,12:00:00 PM
CHOQUE,HERIDOS,CALI-FLORIDA,LA REGINA,SABADO,2024-07-20,8:00:00 PM
ATROPELLO,HERIDOS,CANDELARIA-CALI,JUANCHITO,SABADO,2024-07-13,2:00:00 PM
CHOQUE,HERIDOS,CALI-CANDELARIA,JUANCHITO,SABADO,2024-07-13,10:00:00 PM
CHOQUE,HERIDOS,CALI-CANDELARIA,EL CARMELO,LUNES,2024-07-15,12:00:00 PM
CHOQUE,MUERTOS,CALI-CANDELARIA,EL CARMELO,DOMINGO,2024-07-21,10:00:00 PM
CHOQUE,HERIDOS,CABECERA-CANDELARIA,CABECERA-CANDELARIA,MARTES,2024-07-23,3:00:00 PM
CHOQUE,HERIDOS,CABECERA-CANDELARIA,CABECERA-CANDELARIA,SABADO,2024-07-27,12:00:00 AM
CHOQUE,MUERTOS,CALI-FLORIDA,CANDELARIA,SABADO,2024-07-31,12:00:00 AM
ATROPELLO,HERIDOS,CARRERA 10 CALLE 14,VILLAGORGONA,JUEVES,2024-08-01,9:00:00 AM
CHOQUE,MUERTOS,CALI-FLORIDA,LA REGINA,VIERNES,2024-08-02,5:00:00 PM
CHOQUE,HERIDOS,CALI-FLORIDA,LA REGINA,SABADO,2024-08-03,4:00:00 AM
VOLCAMIENTO,MUERTOS,CANDELARIA-CALI,VILLAGORGONA,MIERCOLES,2024-08-07,5:00:00 PM
CHOQUE,HERIDOS,PALMIRA-VILLARICA,CABECERA-CANDELARIA,MIERCOLES,2024-08-14,2:00:00 PM
CHOQUE,HERIDOS,CALLE 16 CR 2,VILLAGORGONA,VIERNES,2024-08-16,4:00:00 PM
CHOQUE,HERIDOS,CALI-CANDELARIA,JUANCHITO,MARTES,2024-08-20,6:00:00 PM
CHOQUE,HERIDOS,CALI-CANDELARIA,VILLAGORGONA,MIERCOLES,2024-08-21,6:00:00 AM
CHOQUE,HERIDOS,CANDELARIA-CALI,JUANCHITO,MIERCOLES,2024-08-21,7:00:00 AM
CHOQUE,HERIDOS,CANDELARIA-CALI,JUANCHITO,DOMINGO,2024-08-25,3:00:00 AM
ATROPELLO,HERIDOS,CARRERA 6 CALLE 8-81,CABECERA-CANDELARIA,LUNES,2024-08-26,7:00:00 PM
CHOQUE,HERIDOS,CR 12 CALLE 5,CABECERA-CANDELARIA,MARTES,2024-08-27,12:00:00 AM
CHOQUE,HERIDOS,CALI-CANDELARIA,POBLADO CAMPESTRE,MIERCOLES,2024-08-28,12:00:00 AM
CHOQUE,HERIDOS,FLORIDA-CALI,EL CARMELO,MIERCOLES,2024-08-28,12:00:00 AM
CHOQUE,MUERTOS,CANDELARIA-CALI,EL CARMELO,VIERNES,2024-08-30,3:00:00 PM
VOLCAMIENTO,HERIDOS,FLORIDA-CALI,EL CRUCERO,SABADO,2024-08-31,1:00:00 AM
ATROPELLO,HERIDOS,CANDELARIA-CALI,VILLAGORGONA,DOMINGO,2024-09-01,3:00:00 AM
CHOQUE,HERIDOS,CANDELARIA-CALI,JUANCHITO,MIERCOLES,2024-09-04,9:00:00 AM
CHOQUE,HERIDOS,CALI-CANDELARIA,JUANCHITO,VIERNES,2024-09-13,6:00:00 PM
CHOQUE,MUERTOS,CANDELARIA-CALI,VILLAGORGONA,MARTES,2024-09-17,3:00:00 AM
CHOQUE,HERIDOS,CANDELARIA-CALI,EL CARMELO,LUNES,2024-09-16,2:00:00 PM
CHOQUE,HERIDOS,CANDELARIA-CALI,JUANCHITO,MIERCOLES,2024-09-25,6:00:00 AM
CHOQUE,HERIDOS,CR 12A  - CALLE 21A,VILLAGORGONA,DOMINGO,2024-09-29,8:00:00 AM
CHOQUE,HERIDOS,VILLARICA-PALMIRA,EL LAURO,MARTES,2024-10-01,12:00:00 PM
ATROPELLO,HERIDOS,CANDELARIA-CALI,VILLAGORGONA,MIERCOLES,2024-10-02,5:00:00 AM
CHOQUE,HERIDOS,CALI-CANDELARIA,EL CARMELO,VIERNES,2024-10-04,1:00:00 PM
CHOQUE,HERIDOS,CARRERA 9 FRENTE AL # 16-7,VILLAGORGONA,JUEVES,2024-10-03,6:00:00 AM
CHOQUE,HERIDOS,CALI-CANDELARIA,EL CRUCERO,SABADO,2024-10-05,9:00:00 AM
CHOQUE,MUERTOS,CALI-CANDELARIA,EL CARMELO,LUNES,2024-10-07,6:00:00 AM
CHOQUE,HERIDOS,FLORIDA-CALI,CANDELARIA,JUEVES,2024-10-17,8:00:00 AM
CHOQUE,HERIDOS,CANDELARIA-CALI,JUANCHITO,SABADO,2024-10-19,9:00:00 PM
ATROPELLO,HERIDOS,CANDELARIA-CALI,VILLAGORGONA,DOMINGO,1989-10-17,6:00:00 PM
CHOQUE,HERIDOS,CALI-CANDELARIA,VILLAGORGONA,MARTES,2024-10-22,6:00:00 AM
ATROPELLO,HERIDOS,CALLE 17 CR 12A,VILLAGORGONA,LUNES,2024-10-21,6:00:00 PM
