CLASE_DE_ACCIDENTE,GRAVEDAD,VIAS,CORREGIMIENTO,DÍA_SEMANA,FECHA_DE_OCURRENCIA,TIPO_DIA,HORA_OCURRENCIA
CHOQUE,DAÑOS,CALI-CANDELARIA,VILLAGORGONA,VIERNES,2021-01-01,Entre semana,01:40:00
CHOQUE,MUERTOS,CALI-CANDELARIA,JUANCHITO,VIERNES,2021-01-01,Entre semana,15:00:00
CHOQUE,DAÑOS,CALI-CANDELARIA,JUANCHITO,DOMINGO,2021-01-03,Fin de semana,17:08:00
CHOQUE,DAÑOS,CALI-CANDELARIA,VILLAGORGONA,DOMINGO,2021-01-03,Fin de semana,12:45:00
CHOQUE,DAÑOS,CALI-CANDELARIA,EL CARMELO,DOMINGO,2021-01-03,Fin de semana,07:00:00
CHOQUE,HERIDOS,VILLARICA-PALMIRA,EL LAURO,LUNES,2021-01-04,Entre semana,11:20:00
CHOQUE,DAÑOS,CALI-CANDELARIA,LA REGINA,MARTES,2021-01-05,Entre semana,20:10:00
CHOQUE,HERIDOS,CALI-CANDELARIA,CANDELARIA,MIERCOLES,2021-01-06,Entre semana,14:50:00
CHOQUE,DAÑOS,CALI-CANDELARIA,VILLAGORGONA,JUEVES,2021-01-07,Entre semana,15:00:00
CHOQUE,HERIDOS,CALI-CANDELARIA,EL CARMELO,JUEVES,2021-01-07,Entre semana,15:50:00
CHOQUE,HERIDOS,CALI-CANDELARIA,LA REGINA,JUEVES,2021-01-07,Entre semana,19:00:00
OTRO,HERIDOS,PALMIRA-VILLA RICA,EL CABUYAL,VIERNES,2021-01-08,Entre semana,15:00:00
VOLCAMIENTO,DAÑOS,PALMIRA-VILLA RICA,CANDELARIA,LUNES,2021-01-11,Entre semana,12:30:00
CHOQUE,HERIDOS,VILLARICA-PALMIRA,EL LAURO,MIERCOLES,2021-01-13,Entre semana,05:30:00
CHOQUE,DAÑOS,CALI-CANDELARIA,VILLAGORGONA,JUEVES,2021-01-14,Entre semana,12:50:00
CHOQUE,DAÑOS,CALI-CANDELARIA,VILLAGORGONA,VIERNES,2021-01-15,Entre semana,01:45:00
CHOQUE,DAÑOS,CANDELARIA,CANDELARIA,SABADO,2021-01-16,Fin de semana,13:30:00
CHOQUE,DAÑOS,CALI-CANDELARIA,JUANCHITO,SABADO,2021-01-16,Fin de semana,13:13:00
CHOQUE,HERIDOS,VILLARICA-PALMIRA,TURIN,SABADO,2021-01-16,Fin de semana,04:20:00
CHOQUE,DAÑOS,VILLARICA-PALMIRA,EL LAURO,SABADO,2021-01-16,Fin de semana,05:50:00
CHOQUE,HERIDOS,CALI-CANDELARIA,VILLAGORGONA,LUNES,2021-01-18,Entre semana,13:10:00
CHOQUE,HERIDOS,CALI-CANDELARIA,JUANCHITO,MARTES,2021-01-19,Entre semana,08:00:00
CHOQUE,DAÑOS,CALI-CANDELARIA,CANDELARIA,MARTES,2021-01-19,Entre semana,11:15:00
CHOQUE,HERIDOS,PALMIRA-VILLA RICA,EL LAURO,MARTES,2021-01-19,Entre semana,10:20:00
CHOQUE,DAÑOS,CALI-CANDELARIA,JUANCHITO,MIERCOLES,2021-01-20,Entre semana,06:15:00
CHOQUE,DAÑOS,CALI-CANDELARIA,JUANCHITO,MIERCOLES,2021-01-20,Entre semana,05:30:00
CHOQUE,HERIDOS,CALI-CANDELARIA,CANDELARIA,MIERCOLES,2021-01-20,Entre semana,13:30:00
CHOQUE,HERIDOS,CALI-CANDELARIA,DOMINGO LARGO,JUEVES,2021-01-21,Entre semana,18:00:00
VOLCAMIENTO,DAÑOS,VILLARICA-PALMIRA,CANDELARIA,SABADO,2021-01-23,Fin de semana,06:32:00
CHOQUE,DAÑOS,CALI-FLORIDA,LA REGINA,DOMINGO,2021-01-24,Fin de semana,12:04:00
CHOQUE,DAÑOS,CALI-CANDELARIA,VILLAGORGONA,DOMINGO,2021-01-24,Fin de semana,13:50:00
CHOQUE,DAÑOS,CALI-CANDELARIA,DOMINGO LARGO,DOMINGO,2021-01-24,Fin de semana,14:30:00
CHOQUE,HERIDOS,CALI-CANDELARIA,JUANCHITO,LUNES,2021-01-25,Entre semana,08:15:00
CHOQUE,HERIDOS,CALI-CANDELARIA,JUANCHITO,MARTES,2021-01-26,Entre semana,06:00:00
CHOQUE,DAÑOS,VILLARICA-PALMIRA,CANDELARIA,MARTES,2021-01-26,Entre semana,05:30:28
CHOQUE,DAÑOS,VILLARICA-PALMIRA,EL LAURO,MARTES,2021-01-26,Entre semana,16:40:00
CHOQUE,HERIDOS,CANDELARIA,EL CABUYAL,VIERNES,2021-01-29,Entre semana,06:10:00
CHOQUE,HERIDOS,CALI-CANDELARIA,EL CARMELO,SABADO,2021-01-30,Fin de semana,09:10:00
CHOQUE,HERIDOS,CALI-CANDELARIA,JUANCHITO,SABADO,2021-01-30,Fin de semana,13:30:00
CHOQUE,DAÑOS,CALI-CANDELARIA,JUANCHITO,DOMINGO,2021-01-31,Fin de semana,14:00:00
CHOQUE,HERIDOS,CALI-FLORIDA,CANDELARIA,LUNES,2021-02-01,Entre semana,20:25:00
CHOQUE,DAÑOS,CALI-CANDELARIA,VILLAGORGONA,MARTES,2021-02-02,Entre semana,10:20:00
CHOQUE,HERIDOS,CALI-FLORIDA,JUANCHITO,MARTES,2021-02-02,Entre semana,18:30:00
CHOQUE,HERIDOS,CALI-CANDELARIA,EL CARMELO,MIERCOLES,2021-02-03,Entre semana,07:00:00
OTRO,MUERTOS,CALI-CANDELARIA,POBLADO CAMPESTRE,MIERCOLES,2021-02-03,Entre semana,15:30:00
VOLCAMIENTO,HERIDOS,VILLARICA-PALMIRA,EL CABUYAL,DOMINGO,2021-02-07,Fin de semana,12:33:00
CHOQUE,HERIDOS,CANDELARIA,CANDELARIA,DOMINGO,2021-02-07,Fin de semana,13:50:00
CHOQUE,DAÑOS,CALI-FLORIDA,LA REGINA,MIERCOLES,2021-02-10,Entre semana,12:30:00
CHOQUE,DAÑOS,CALI-CANDELARIA,EL CARMELO,JUEVES,2021-02-11,Entre semana,06:50:00
CHOQUE,DAÑOS,CALI-CANDELARIA,JUANCHITO,LUNES,2021-02-15,Entre semana,06:00:00
CHOQUE,DAÑOS,Via interna,CANDELARIA,LUNES,2021-02-15,Entre semana,07:00:00
CHOQUE,DAÑOS,CALI-CANDELARIA,JUANCHITO,LUNES,2021-02-15,Entre semana,13:35:00
CHOQUE,DAÑOS,CALI-CANDELARIA,DOMINGO LARGO,MARTES,2021-02-16,Entre semana,
ATROPELLO,HERIDOS,CALI-CANDELARIA,VILLAGORGONA,MARTES,2021-02-16,Entre semana,23:35:00
CHOQUE,MUERTOS,VILLARICA-PALMIRA,EL CABUYAL,MIERCOLES,2021-02-17,Entre semana,05:30:00
CHOQUE,HERIDOS,CALI-CANDELARIA,JUANCHITO,MIERCOLES,2021-02-17,Entre semana,14:10:00
CHOQUE,HERIDOS,CALI-CANDELARIA,EL CARMELO,MIERCOLES,2021-02-17,Entre semana,11:10:00
CHOQUE,DAÑOS,CALI-CANDELARIA,JUANCHITO,MIERCOLES,2021-02-17,Entre semana,02:30:00
CHOQUE,DAÑOS,CALI-CANDELARIA,EL CARMELO,VIERNES,2021-02-19,Entre semana,10:10:00
CHOQUE,DAÑOS,CALI-CANDELARIA,EL CARMELO,SABADO,2021-02-20,Fin de semana,
CHOQUE,HERIDOS,VILLARICA-PALMIRA,EL CABUYAL,SABADO,2021-02-20,Fin de semana,05:00:00
CHOQUE,HERIDOS,CALI-CANDELARIA,VILLAGORGONA,DOMINGO,2021-02-21,Fin de semana,22:10:00
CHOQUE,HERIDOS,CALI-CANDELARIA,JUANCHITO,LUNES,2021-02-22,Entre semana,08:10:00
CHOQUE,DAÑOS,CALI-CANDELARIA,POBLADO CAMPESTRE,MARTES,2021-02-23,Entre semana,07:20:00
CHOQUE,HERIDOS,VILLARICA-PALMIRA,EL CABUYAL,MARTES,2021-02-23,Entre semana,13:25:00
CHOQUE,HERIDOS,VILLARICA-PALMIRA,BUCHITOLO,MIERCOLES,2021-02-24,Entre semana,07:50:00
CHOQUE,HERIDOS,VILLARICA-PALMIRA,EL CABUYAL,MIERCOLES,2021-02-24,Entre semana,05:25:00
CHOQUE,HERIDOS,CALI-FLORIDA,JUANCHITO,JUEVES,2021-02-25,Entre semana,07:00:00
CHOQUE,DAÑOS,VILLARICA-PALMIRA,CANDELARIA,SABADO,2021-02-27,Fin de semana,14:40:00
CHOQUE,DAÑOS,CALI-CANDELARIA,JUANCHITO,DOMINGO,2021-02-28,Fin de semana,14:00:00
VOLCAMIENTO,HERIDOS,CALI-CANDELARIA,VILLAGORGONA,DOMINGO,2021-02-28,Fin de semana,20:35:00
CHOQUE,DAÑOS,CANDELARIA,CANDELARIA,MARTES,2021-03-02,Entre semana,14:10:00
CHOQUE,HERIDOS,PUERTO TEJADA-PALMIRA,CANDELARIA,MARTES,2021-03-02,Entre semana,16:00:00
CHOQUE,HERIDOS,CALI-CANDELARIA,CANDELARIA,MIERCOLES,2021-03-03,Entre semana,15:45:00
CHOQUE,HERIDOS,CALI-CANDELARIA,EL CARMELO,MIERCOLES,2021-03-03,Entre semana,21:56:00
CHOQUE,HERIDOS,VILLARICA-PALMIRA,CANDELARIA,DOMINGO,2021-03-14,Fin de semana,14:30:00
CHOQUE,DAÑOS,CALI-CANDELARIA,CANDELARIA,SABADO,2021-03-06,Fin de semana,10:40:00
CHOQUE,MUERTOS,Via interna,CANDELARIA,SABADO,2021-03-06,Fin de semana,11:28:00
CHOQUE,DAÑOS,CALI-CANDELARIA,VILLAGORGONA,LUNES,2021-03-08,Entre semana,13:30:00
CHOQUE,DAÑOS,CANDELARIA,CANDELARIA,MARTES,2021-03-09,Entre semana,16:10:00
CHOQUE,HERIDOS,CALI-CANDELARIA,EL CARMELO,MIERCOLES,2021-03-10,Entre semana,09:09:00
CHOQUE,DAÑOS,CALI-CANDELARIA,CANDELARIA,MIERCOLES,2021-03-10,Entre semana,21:50:00
CHOQUE,DAÑOS,CALI-CANDELARIA,EL CARMELO,JUEVES,2021-03-11,Entre semana,19:50:00
CHOQUE,HERIDOS,CALI-CANDELARIA,CANDELARIA,SABADO,2021-03-13,Fin de semana,20:50:00
CHOQUE,HERIDOS,CALI-CANDELARIA,CANDELARIA,DOMINGO,2021-03-14,Fin de semana,20:03:00
CHOQUE,DAÑOS,CALI-CANDELARIA,VILLAGORGONA,DOMINGO,2021-03-14,Fin de semana,10:20:00
CHOQUE,HERIDOS,CALI-CANDELARIA,POBLADO CAMPESTRE,LUNES,2021-03-15,Entre semana,07:03:00
CHOQUE,DAÑOS,CALI-CANDELARIA,VILLAGORGONA,MIERCOLES,2021-03-17,Entre semana,11:30:00
CHOQUE,DAÑOS,CALI-CANDELARIA,JUANCHITO,MIERCOLES,2021-03-17,Entre semana,07:50:00
CHOQUE,DAÑOS,CALI-CANDELARIA,JUANCHITO,MIERCOLES,2021-03-17,Entre semana,07:55:00
ATROPELLO,DAÑOS,CALI-FLORIDA,CANDELARIA,JUEVES,2021-03-18,Entre semana,04:10:00
CHOQUE,HERIDOS,CALI-CANDELARIA,CANDELARIA,VIERNES,2021-03-19,Entre semana,12:30:00
CHOQUE,DAÑOS,CALI-CANDELARIA,JUANCHITO,SABADO,2021-03-20,Fin de semana,00:30:00
CHOQUE,HERIDOS,CALI-CANDELARIA,EL CARMELO,SABADO,2021-03-20,Fin de semana,08:15:00
CHOQUE,DAÑOS,CALI-CANDELARIA,VILLAGORGONA,SABADO,2021-03-20,Fin de semana,16:00:00
CHOQUE,HERIDOS,CALI-CANDELARIA,JUANCHITO,SABADO,2021-03-20,Fin de semana,16:05:00
CHOQUE,DAÑOS,CALI-CANDELARIA,VILLAGORGONA,DOMINGO,2021-03-21,Fin de semana,10:15:00
VOLCAMIENTO,DAÑOS,VILLARICA-PALMIRA,CANDELARIA,DOMINGO,2021-03-21,Fin de semana,15:52:00
CHOQUE,HERIDOS,CANDELARIA,CANDELARIA,DOMINGO,2021-03-21,Fin de semana,18:40:00
ATROPELLO,HERIDOS,CALI-CANDELARIA,POBLADO CAMPESTRE,MARTES,2021-03-23,Entre semana,19:30:00
CHOQUE,HERIDOS,CALI-CANDELARIA,JUANCHITO,JUEVES,2021-03-25,Entre semana,13:10:00
CHOQUE,DAÑOS,CALI-CANDELARIA,CANDELARIA,VIERNES,2021-03-26,Entre semana,17:20:00
CHOQUE,DAÑOS,CALI-CANDELARIA,CANDELARIA,SABADO,2021-03-27,Fin de semana,07:05:00
CHOQUE,DAÑOS,CALI-FLORIDA,CANDELARIA,LUNES,2021-03-29,Entre semana,07:23:00
CHOQUE,DAÑOS,CALI-CANDELARIA,JUANCHITO,MARTES,2021-03-30,Entre semana,02:20:00
CHOQUE,HERIDOS,VILLARICA-PALMIRA,EL CABUYAL,MIERCOLES,2021-03-31,Entre semana,07:00:00
CHOQUE,DAÑOS,CALI-CANDELARIA,VILLAGORGONA,MIERCOLES,2021-03-31,Entre semana,15:30:00
CHOQUE,HERIDOS,CALI-CANDELARIA,JUANCHITO,MIERCOLES,2021-03-31,Entre semana,15:00:00
CHOQUE,HERIDOS,CALI-CANDELARIA,POBLADO CAMPESTRE,VIERNES,2021-04-02,Entre semana,14:20:00
CHOQUE,DAÑOS,Via interna,VILLAGORGONA,SABADO,2021-04-03,Fin de semana,08:30:00
CHOQUE,DAÑOS,Via interna,VILLAGORGONA,SABADO,2021-04-03,Fin de semana,20:46:00
Desconocido,DAÑOS,CALI-CANDELARIA,JUANCHITO,LUNES,2021-04-05,Entre semana,06:04:00
CHOQUE,HERIDOS,CALI-CANDELARIA,JUANCHITO,LUNES,2021-04-05,Entre semana,08:45:00
CHOQUE,HERIDOS,CALI-CANDELARIA,LA REGINA,LUNES,2021-04-05,Entre semana,11:30:00
CHOQUE,DAÑOS,CALI-CANDELARIA,JUANCHITO,MIERCOLES,2021-04-07,Entre semana,11:00:00
CHOQUE,HERIDOS,CALI-CANDELARIA,VILLAGORGONA,MARTES,2021-04-06,Entre semana,12:40:00
CHOQUE,HERIDOS,VILLARICA-PALMIRA,EL LAURO,VIERNES,2021-04-09,Entre semana,12:10:00
CHOQUE,DAÑOS,VILLARICA-PALMIRA,EL CABUYAL,SABADO,2021-04-10,Fin de semana,14:00:00
ATROPELLO,HERIDOS,CALI-CANDELARIA,CANDELARIA,SABADO,2021-04-10,Fin de semana,09:00:00
CHOQUE,HERIDOS,CALI-CANDELARIA,JUANCHITO,DOMINGO,2021-04-11,Fin de semana,09:30:00
CHOQUE,HERIDOS,CANDELARIA,EL LAURO,DOMINGO,2021-04-11,Fin de semana,16:00:00
VOLCAMIENTO,HERIDOS,CALI-CANDELARIA,CANDELARIA,DOMINGO,2021-04-11,Fin de semana,21:20:00
CHOQUE,HERIDOS,CALI-CANDELARIA,JUANCHITO,DOMINGO,2021-04-11,Fin de semana,21:20:00
CHOQUE,DAÑOS,CALI-CANDELARIA,JUANCHITO,DOMINGO,2021-04-11,Fin de semana,21:40:00
CHOQUE,HERIDOS,VILLARICA-PALMIRA,EL ARENAL,LUNES,2021-04-12,Entre semana,13:20:00
CHOQUE,HERIDOS,CALI-CANDELARIA,EL TIPLE,LUNES,2021-04-12,Entre semana,19:00:00
CHOQUE,HERIDOS,CALI-CANDELARIA,CANDELARIA,MARTES,2021-04-13,Entre semana,20:20:00
CHOQUE,HERIDOS,CALI-CANDELARIA,POBLADO CAMPESTRE,MARTES,2021-04-13,Entre semana,22:10:00
CHOQUE,DAÑOS,CANDELARIA,CANDELARIA,MIERCOLES,2021-04-14,Entre semana,14:00:00
ATROPELLO,HERIDOS,VILLARICA-PALMIRA,CANDELARIA,MIERCOLES,2021-04-14,Entre semana,15:20:00
CHOQUE,HERIDOS,CANDELARIA,SAN JOAQUIN,JUEVES,2021-04-15,Entre semana,06:50:00
ATROPELLO,HERIDOS,CALI-CANDELARIA,EL CARMELO,JUEVES,2021-04-15,Entre semana,07:40:00
ATROPELLO,HERIDOS,CALI-CANDELARIA,JUANCHITO,JUEVES,2021-04-15,Entre semana,21:40:00
CHOQUE,HERIDOS,CALI-CANDELARIA,EL CARMELO,SABADO,2021-04-17,Fin de semana,13:10:00
CHOQUE,HERIDOS,CANDELARIA,EL CABUYAL,DOMINGO,2021-04-18,Fin de semana,12:50:00
CHOQUE,DAÑOS,CALI-FLORIDA,LA REGINA,LUNES,2021-04-19,Entre semana,09:40:00
CHOQUE,DAÑOS,VILLARICA-PALMIRA,CANDELARIA,LUNES,2021-04-19,Entre semana,14:30:00
CHOQUE,DAÑOS,CANDELARIA,CANDELARIA,MARTES,2021-04-20,Entre semana,19:20:00
CHOQUE,HERIDOS,CALI-CANDELARIA,JUANCHITO,MARTES,2021-04-20,Entre semana,17:00:00
CHOQUE,HERIDOS,VILLARICA-PALMIRA,EL CABUYAL,MIERCOLES,2021-04-21,Entre semana,16:10:00
CHOQUE,DAÑOS,CALI-CANDELARIA,JUANCHITO,JUEVES,2021-04-22,Entre semana,06:30:00
CHOQUE,HERIDOS,CALI-CANDELARIA,JUANCHITO,MARTES,2021-04-27,Entre semana,07:10:00
CHOQUE,DAÑOS,CANDELARIA,SAN JOAQUIN,VIERNES,2021-04-23,Entre semana,10:20:00
CHOQUE,HERIDOS,CALI-FLORIDA,EL CARMELO,DOMINGO,2021-04-25,Fin de semana,09:00:00
CHOQUE,HERIDOS,CALI-CANDELARIA,JUANCHITO,DOMINGO,2021-04-25,Fin de semana,17:40:00
CHOQUE,DAÑOS,VILLARICA-PALMIRA,CANDELARIA,MARTES,2021-04-27,Entre semana,16:00:00
CHOQUE,DAÑOS,CALI-CANDELARIA,JUANCHITO,MARTES,2021-04-27,Entre semana,19:15:00
CHOQUE,MUERTOS,VILLARICA-PALMIRA,EL CABUYAL,MIERCOLES,2021-05-12,Entre semana,21:00:00
CHOQUE,HERIDOS,CALI-CANDELARIA,CANDELARIA,VIERNES,2021-05-14,Entre semana,14:45:00
CHOQUE,MUERTOS,CALI-CANDELARIA,VILLAGORGONA,VIERNES,2021-05-14,Entre semana,14:05:00
CHOQUE,DAÑOS,CALI-CANDELARIA,JUANCHITO,DOMINGO,2021-05-16,Fin de semana,22:20:00
CHOQUE,HERIDOS,CALI-CANDELARIA,CANDELARIA,VIERNES,2021-05-21,Entre semana,15:30:00
ATROPELLO,HERIDOS,VILLARICA-PALMIRA,CANDELARIA,DOMINGO,2021-05-23,Fin de semana,20:20:00
CHOQUE,HERIDOS,CANDELARIA,VILLAGORGONA,MIERCOLES,2021-05-26,Entre semana,15:47:00
CHOQUE,DAÑOS,CALI-CANDELARIA,JUANCHITO,SABADO,2021-05-29,Fin de semana,06:10:00
CHOQUE,HERIDOS,VILLARICA-PALMIRA,EL LAURO,DOMINGO,2021-05-30,Fin de semana,13:20:00
CHOQUE,HERIDOS,CALI-CANDELARIA,VILLAGORGONA,MARTES,2021-06-01,Entre semana,07:40:00
CHOQUE,HERIDOS,CALI-CANDELARIA,VILLAGORGONA,JUEVES,2021-06-03,Entre semana,11:40:00
VOLCAMIENTO,MUERTOS,CALI-FLORIDA,LA REGINA,VIERNES,2021-06-04,Entre semana,16:00:00
CHOQUE,HERIDOS,CALI-CANDELARIA,JUANCHITO,SABADO,2021-06-05,Fin de semana,10:20:00
CHOQUE,HERIDOS,CALI-CANDELARIA,VILLAGORGONA,LUNES,2021-06-07,Entre semana,21:20:00
CHOQUE,DAÑOS,CALI-CANDELARIA,VILLAGORGONA,JUEVES,2021-06-10,Entre semana,13:35:00
CHOQUE,HERIDOS,CANDELARIA,CANDELARIA,JUEVES,2021-06-10,Entre semana,17:15:00
CHOQUE,DAÑOS,VILLARICA-PALMIRA,EL CABUYAL,VIERNES,2021-06-11,Entre semana,06:58:00
ATROPELLO,MUERTOS,VILLARICA-PALMIRA,EL CABUYAL,SABADO,2021-06-12,Fin de semana,09:57:00
CHOQUE,HERIDOS,CALI-FLORIDA,LA REGINA,MARTES,2021-06-15,Entre semana,19:10:00
CHOQUE,DAÑOS,CALI-CANDELARIA,JUANCHITO,MARTES,2021-06-15,Entre semana,05:32:00
CHOQUE,DAÑOS,VILLARICA-PALMIRA,EL CABUYAL,JUEVES,2021-06-17,Entre semana,09:23:00
CHOQUE,DAÑOS,CANDELARIA,EL CABUYAL,VIERNES,2021-06-18,Entre semana,14:15:00
ATROPELLO,HERIDOS,CALI-CANDELARIA,VILLAGORGONA,LUNES,2021-06-21,Entre semana,07:00:00
CHOQUE,DAÑOS,CALI-CANDELARIA,JUANCHITO,VIERNES,2021-06-25,Entre semana,00:00:00
CHOQUE,DAÑOS,VILLARICA-PALMIRA,EL LAURO,JUEVES,2021-06-24,Entre semana,07:30:00
CHOQUE,DAÑOS,CALI-CANDELARIA,VILLAGORGONA,JUEVES,2021-06-24,Entre semana,21:50:00
CHOQUE,DAÑOS,CALI-CANDELARIA,VILLAGORGONA,VIERNES,2021-06-25,Entre semana,15:10:00
CHOQUE,DAÑOS,CALI-CANDELARIA,POBLADO CAMPESTRE,SABADO,2021-06-26,Fin de semana,18:00:00
CHOQUE,DAÑOS,CANDELARIA,CANDELARIA,SABADO,2021-06-26,Fin de semana,16:00:00
CHOQUE,HERIDOS,CALI-CANDELARIA,JUANCHITO,LUNES,2021-06-28,Entre semana,06:09:00
CHOQUE,DAÑOS,VILLARICA-PALMIRA,CANDELARIA,MIERCOLES,2021-06-30,Entre semana,06:20:00
CHOQUE,DAÑOS,VILLARICA-PALMIRA,CANDELARIA,MIERCOLES,2021-06-30,Entre semana,12:30:00
CHOQUE,DAÑOS,CANDELARIA,CANDELARIA,JUEVES,2021-07-01,Entre semana,09:37:00
ATROPELLO,HERIDOS,CANDELARIA,CANDELARIA,VIERNES,2021-07-02,Entre semana,09:25:00
CHOQUE,DAÑOS,CANDELARIA,CANDELARIA,VIERNES,2021-07-02,Entre semana,08:40:00
CHOQUE,HERIDOS,CANDELARIA,SAN JOAQUIN,SABADO,2021-07-03,Fin de semana,06:30:00
CHOQUE,HERIDOS,CALI-FLORIDA,CANDELARIA,SABADO,2021-07-03,Fin de semana,06:46:00
CHOQUE,MUERTOS,VILLARICA-PALMIRA,EL CABUYAL,SABADO,2021-07-03,Fin de semana,19:30:00
CHOQUE,DAÑOS,CALI-CANDELARIA,JUANCHITO,SABADO,2021-07-03,Fin de semana,22:50:00
ATROPELLO,HERIDOS,CALI-CANDELARIA,JUANCHITO,MARTES,2021-07-06,Entre semana,12:50:00
CHOQUE,DAÑOS,CALI-CANDELARIA,EL CARMELO,MIERCOLES,2021-07-07,Entre semana,16:00:00
VOLCAMIENTO,HERIDOS,CALI-CANDELARIA,JUANCHITO,JUEVES,2021-07-08,Entre semana,06:20:00
CHOQUE,DAÑOS,CALI-CANDELARIA,CANDELARIA,VIERNES,2021-07-09,Entre semana,12:30:00
CHOQUE,DAÑOS,CALI-CANDELARIA,SAN JOAQUIN,DOMINGO,2021-07-11,Fin de semana,14:50:00
CHOQUE,DAÑOS,CALI-CANDELARIA,POBLADO CAMPESTRE,DOMINGO,2021-07-11,Fin de semana,10:30:00
CHOQUE,HERIDOS,CALI-CANDELARIA,EL CARMELO,LUNES,2021-07-12,Entre semana,12:10:00
CHOQUE,DAÑOS,CALI-CANDELARIA,JUANCHITO,MIERCOLES,2021-07-14,Entre semana,07:50:00
CHOQUE,DAÑOS,CANDELARIA,CANDELARIA,JUEVES,2021-07-15,Entre semana,15:50:00
CHOQUE,DAÑOS,CALI-CANDELARIA,POBLADO CAMPESTRE,DOMINGO,2021-07-18,Fin de semana,19:40:00
CHOQUE,DAÑOS,CANDELARIA,CANDELARIA,DOMINGO,2021-07-18,Fin de semana,
CHOQUE,HERIDOS,VILLARICA-PALMIRA,EL CABUYAL,LUNES,2021-07-19,Entre semana,17:45:00
VOLCAMIENTO,HERIDOS,CALI-FLORIDA,CANDELARIA,LUNES,2021-07-19,Entre semana,19:20:00
CHOQUE,HERIDOS,Via interna,POBLADO CAMPESTRE,MARTES,2021-07-20,Entre semana,11:30:00
CHOQUE,DAÑOS,CALI-CANDELARIA,JUANCHITO,MIERCOLES,2021-07-21,Entre semana,15:10:00
CHOQUE,DAÑOS,CALI-CANDELARIA,JUANCHITO,JUEVES,2021-07-22,Entre semana,17:10:00
CHOQUE,DAÑOS,CALI-CANDELARIA,JUANCHITO,VIERNES,2021-07-23,Entre semana,19:40:00
ATROPELLO,HERIDOS,CALI-FLORIDA,CANDELARIA,VIERNES,2021-07-23,Entre semana,14:50:00
CHOQUE,DAÑOS,PALMIRA-VILLA RICA,CANDELARIA,DOMINGO,2021-07-25,Fin de semana,
CHOQUE,DAÑOS,CANDELARIA,CANDELARIA,LUNES,2021-07-26,Entre semana,16:00:00
CHOQUE,DAÑOS,CALI-CANDELARIA,JUANCHITO,LUNES,2021-07-26,Entre semana,15:00:00
CHOQUE,DAÑOS,CALI-CANDELARIA,JUANCHITO,LUNES,2021-07-26,Entre semana,17:15:00
CHOQUE,HERIDOS,CALI-CANDELARIA,VILLAGORGONA,MIERCOLES,2021-07-28,Entre semana,13:55:00
CHOQUE,DAÑOS,CALI-CANDELARIA,JUANCHITO,JUEVES,2021-07-29,Entre semana,07:55:00
CHOQUE,HERIDOS,CALI-CANDELARIA,JUANCHITO,VIERNES,2021-07-30,Entre semana,07:07:00
CHOQUE,HERIDOS,CALI-CANDELARIA,JUANCHITO,SABADO,2021-07-31,Fin de semana,21:10:00
CHOQUE,DAÑOS,CALI-CANDELARIA,JUANCHITO,DOMINGO,2021-08-01,Fin de semana,12:10:00
CHOQUE,DAÑOS,CANDELARIA,CANDELARIA,MIERCOLES,2021-08-04,Entre semana,08:20:00
CHOQUE,DAÑOS,CALI-CANDELARIA,VILLAGORGONA,MIERCOLES,2021-08-04,Entre semana,11:00:00
CHOQUE,DAÑOS,CANDELARIA-FLORIDA,CANDELARIA,VIERNES,2021-08-06,Entre semana,10:00:00
CHOQUE,HERIDOS,VILLARICA-PALMIRA,EL LAURO,VIERNES,2021-08-06,Entre semana,13:40:00
VOLCAMIENTO,DAÑOS,VILLARICA-PALMIRA,CANDELARIA,VIERNES,2021-08-06,Entre semana,14:40:00
CHOQUE,MUERTOS,VILLARICA-PALMIRA,EL ARENAL,DOMINGO,2021-08-08,Fin de semana,12:30:00
CHOQUE,DAÑOS,VILLARICA-PALMIRA,EL LAURO,DOMINGO,2021-08-08,Fin de semana,21:20:00
CHOQUE,HERIDOS,CALI-CANDELARIA,JUANCHITO,DOMINGO,2021-08-08,Fin de semana,17:20:00
CHOQUE,DAÑOS,CALI-CANDELARIA,JUANCHITO,LUNES,2021-08-09,Entre semana,05:50:00
CHOQUE,HERIDOS,CALI-CANDELARIA,JUANCHITO,LUNES,2021-08-09,Entre semana,07:30:00
CHOQUE,HERIDOS,CALI-FLORIDA,CANDELARIA,MARTES,2021-08-10,Entre semana,05:50:00
CHOQUE,HERIDOS,CALI-FLORIDA,CANDELARIA,MARTES,2021-08-10,Entre semana,16:00:00
ATROPELLO,HERIDOS,CANDELARIA,EL CABUYAL,MIERCOLES,2021-08-11,Entre semana,22:40:00
CHOQUE,DAÑOS,CALI-CANDELARIA,EL CARMELO,JUEVES,2021-08-12,Entre semana,09:10:00
CHOQUE,DAÑOS,CALI-CANDELARIA,JUANCHITO,VIERNES,2021-08-13,Entre semana,06:05:00
CHOQUE,DAÑOS,VILLARICA-PALMIRA,CANDELARIA,MARTES,2021-08-17,Entre semana,18:20:00
CHOQUE,DAÑOS,VILLARICA-PALMIRA,CANDELARIA,JUEVES,2021-08-19,Entre semana,17:30:00
CHOQUE,HERIDOS,CANDELARIA-CALI,VILLAGORGONA,VIERNES,2021-08-20,Entre semana,
CHOQUE,DAÑOS,CALI-CANDELARIA,JUANCHITO,SABADO,2021-08-21,Fin de semana,03:50:00
CHOQUE,DAÑOS,CALI-CANDELARIA,JUANCHITO,DOMINGO,2021-08-22,Fin de semana,09:10:00
CHOQUE,HERIDOS,VILLARICA-PALMIRA,CANDELARIA,LUNES,2021-08-23,Entre semana,08:15:00
CHOQUE,DAÑOS,CALI-CANDELARIA,JUANCHITO,MIERCOLES,2021-08-25,Entre semana,
CHOQUE,DAÑOS,VILLARICA-PALMIRA,CANDELARIA,MIERCOLES,2021-08-25,Entre semana,17:30:00
CHOQUE,DAÑOS,CALI-CANDELARIA,JUANCHITO,MIERCOLES,2021-08-25,Entre semana,18:20:00
CHOQUE,DAÑOS,VILLARICA-PALMIRA,CANDELARIA,JUEVES,2021-08-26,Entre semana,
CHOQUE,HERIDOS,CALI-CANDELARIA,JUANCHITO,JUEVES,2021-08-26,Entre semana,19:00:00
CHOQUE,HERIDOS,CALI-CANDELARIA,EL CARMELO,JUEVES,2021-08-26,Entre semana,10:45:00
CHOQUE,MUERTOS,CALI-CANDELARIA,EL CARMELO,VIERNES,2021-08-27,Entre semana,19:20:00
CHOQUE,DAÑOS,CALI-CANDELARIA,CANDELARIA,SABADO,2021-08-28,Fin de semana,06:30:00
CHOQUE,DAÑOS,CANDELARIA,CANDELARIA,LUNES,2021-08-30,Entre semana,10:40:00
OTRO,DAÑOS,CALI-CANDELARIA,JUANCHITO,MIERCOLES,2021-09-01,Entre semana,16:30:00
CHOQUE,HERIDOS,CALI-FLORIDA,CANDELARIA,JUEVES,2021-09-02,Entre semana,09:10:00
CHOQUE,HERIDOS,CALI-CANDELARIA,POBLADO CAMPESTRE,VIERNES,2021-09-03,Entre semana,22:10:00
ATROPELLO,HERIDOS,CALI-CANDELARIA,VILLAGORGONA,DOMINGO,2021-09-05,Fin de semana,17:45:00
CHOQUE,DAÑOS,CALI-CANDELARIA,JUANCHITO,LUNES,2021-09-06,Entre semana,08:45:00
VOLCAMIENTO,HERIDOS,CALI-CANDELARIA,JUANCHITO,LUNES,2021-09-06,Entre semana,05:42:00
CHOQUE,DAÑOS,CALI-CANDELARIA,JUANCHITO,MARTES,2021-09-07,Entre semana,10:30:00
CHOQUE,HERIDOS,CALI-FLORIDA,LA REGINA,LUNES,2021-09-06,Entre semana,11:30:00
CHOQUE,HERIDOS,VILLARICA-PALMIRA,EL CABUYAL,MARTES,2021-09-07,Entre semana,13:00:00
CHOQUE,DAÑOS,VILLARICA-PALMIRA,EL CABUYAL,MARTES,2021-09-07,Entre semana,
CHOQUE,DAÑOS,VILLARICA-PALMIRA,CANDELARIA,MIERCOLES,2021-09-08,Entre semana,
CHOQUE,DAÑOS,CALI-CANDELARIA,POBLADO CAMPESTRE,JUEVES,2021-09-09,Entre semana,18:00:00
CHOQUE,DAÑOS,VILLARICA-PALMIRA,EL LAURO,VIERNES,2021-09-10,Entre semana,17:10:00
CHOQUE,DAÑOS,CALI-CANDELARIA,VILLAGORGONA,VIERNES,2021-09-10,Entre semana,19:00:00
CHOQUE,HERIDOS,CALI-CANDELARIA,JUANCHITO,SABADO,2021-09-11,Fin de semana,11:40:00
CHOQUE,HERIDOS,CALI-CANDELARIA,JUANCHITO,DOMINGO,2021-09-12,Fin de semana,11:37:00
CHOQUE,HERIDOS,CALI-CANDELARIA,JUANCHITO,LUNES,2021-09-13,Entre semana,05:30:00
CHOQUE,DAÑOS,VILLARICA-PALMIRA,EL LAURO,MARTES,2021-09-14,Entre semana,17:15:00
CHOQUE,DAÑOS,VILLARICA-PALMIRA,EL CABUYAL,MIERCOLES,2021-09-15,Entre semana,09:20:00
VOLCAMIENTO,DAÑOS,CALI-CANDELARIA,VILLAGORGONA,MIERCOLES,2021-09-15,Entre semana,20:52:00
CHOQUE,DAÑOS,VILLARICA-PALMIRA,CANDELARIA,SABADO,2021-09-18,Fin de semana,11:30:00
CHOQUE,HERIDOS,CALI-CANDELARIA,JUANCHITO,LUNES,2021-09-20,Entre semana,04:40:00
VOLCAMIENTO,HERIDOS,CALI-CANDELARIA,JUANCHITO,LUNES,2021-09-20,Entre semana,05:40:00
CHOQUE,DAÑOS,CANDELARIA,CANDELARIA,LUNES,2021-09-20,Entre semana,15:00:00
CHOQUE,HERIDOS,CANDELARIA,CANDELARIA,VIERNES,2021-09-24,Entre semana,10:20:00
CHOQUE,DAÑOS,CALI-CANDELARIA,EL CARMELO,LUNES,2021-09-27,Entre semana,14:00:00
CHOQUE,DAÑOS,VILLARICA-PALMIRA,CANDELARIA,MARTES,2021-09-28,Entre semana,13:00:00
CHOQUE,DAÑOS,Via interna,POBLADO CAMPESTRE,MARTES,2021-09-28,Entre semana,08:10:00
CHOQUE,DAÑOS,VILLARICA-PALMIRA,EL LAURO,MARTES,2021-09-28,Entre semana,07:24:00
CHOQUE,DAÑOS,CALI-CANDELARIA,JUANCHITO,MIERCOLES,2021-09-29,Entre semana,16:20:00
CHOQUE,HERIDOS,CALI-CANDELARIA,JUANCHITO,MIERCOLES,2021-09-29,Entre semana,10:20:00
CHOQUE,HERIDOS,CALI-CANDELARIA,JUANCHITO,MIERCOLES,2021-09-29,Entre semana,05:30:00
CHOQUE,DAÑOS,CALI-CANDELARIA,JUANCHITO,JUEVES,2021-09-30,Entre semana,17:20:00
VOLCAMIENTO,HERIDOS,CALI-CANDELARIA,JUANCHITO,JUEVES,2021-09-30,Entre semana,06:30:00
CHOQUE,DAÑOS,Via interna,EL CARMELO,VIERNES,2021-10-01,Entre semana,09:10:00
CHOQUE,HERIDOS,CALI-CANDELARIA,VILLAGORGONA,DOMINGO,2021-10-03,Fin de semana,03:13:00
VOLCAMIENTO,HERIDOS,CALI-CANDELARIA,JUANCHITO,DOMINGO,2021-10-03,Fin de semana,16:50:00
CHOQUE,DAÑOS,CALI-CANDELARIA,POBLADO CAMPESTRE,MARTES,2021-10-05,Entre semana,13:10:00
CHOQUE,DAÑOS,CALI-FLORIDA,LA REGINA,MIERCOLES,2021-10-06,Entre semana,18:50:00
CHOQUE,DAÑOS,CALI-FLORIDA,LA REGINA,MIERCOLES,2021-10-06,Entre semana,19:30:00
CHOQUE,MUERTOS,VILLARICA-PALMIRA,EL CABUYAL,JUEVES,2021-10-07,Entre semana,05:30:00
CHOQUE,HERIDOS,CALI-FLORIDA,LA REGINA,VIERNES,2021-10-08,Entre semana,06:30:00
CHOQUE,DAÑOS,CANDELARIA,CANDELARIA,SABADO,2021-10-09,Fin de semana,21:40:00
CHOQUE,HERIDOS,CANDELARIA-CALI,VILLAGORGONA,DOMINGO,2021-10-10,Fin de semana,05:25:00
CHOQUE,MUERTOS,CALI-CANDELARIA,EL CARMELO,LUNES,2021-10-11,Entre semana,06:20:00
CHOQUE,DAÑOS,CALI-CANDELARIA,JUANCHITO,LUNES,2021-10-11,Entre semana,15:00:00
CHOQUE,DAÑOS,CALI-FLORIDA,LA REGINA,MARTES,2021-10-12,Entre semana,11:50:00
CHOQUE,DAÑOS,CALI-CANDELARIA,JUANCHITO,JUEVES,2021-10-14,Entre semana,19:00:00
CHOQUE,DAÑOS,CALI-CANDELARIA,CANDELARIA,DOMINGO,2021-10-17,Fin de semana,07:30:00
CHOQUE,HERIDOS,CANDELARIA,EL CABUYAL,DOMINGO,2021-10-17,Fin de semana,21:30:00
CHOQUE,DAÑOS,CALI-CANDELARIA,JUANCHITO,MARTES,2021-10-19,Entre semana,10:30:00
CHOQUE,HERIDOS,CALI-CANDELARIA,JUANCHITO,MIERCOLES,2021-10-20,Entre semana,06:40:00
CHOQUE,HERIDOS,CALI-CANDELARIA,JUANCHITO,JUEVES,2021-10-21,Entre semana,06:30:00
CHOQUE,HERIDOS,CALI-CANDELARIA,JUANCHITO,VIERNES,2021-10-22,Entre semana,16:20:00
CHOQUE,DAÑOS,VILLARICA-PALMIRA,EL LAURO,VIERNES,2021-10-22,Entre semana,17:00:00
CHOQUE,HERIDOS,CALI-CANDELARIA,JUANCHITO,SABADO,2021-10-23,Fin de semana,01:25:00
CHOQUE,HERIDOS,CALI-FLORIDA,LA REGINA,SABADO,2021-10-23,Fin de semana,18:41:00
CHOQUE,HERIDOS,VILLARICA-PALMIRA,RIO EL TRIUNFO,DOMINGO,2021-10-24,Fin de semana,22:00:00
CHOQUE,HERIDOS,CALI-CANDELARIA,JUANCHITO,DOMINGO,2021-10-24,Fin de semana,05:40:00
CHOQUE,DAÑOS,CANDELARIA,CANDELARIA,MARTES,2021-10-26,Entre semana,14:00:00
CHOQUE,DAÑOS,CALI-CANDELARIA,JUANCHITO,MARTES,2021-10-26,Entre semana,19:00:00
CHOQUE,DAÑOS,CALI-CANDELARIA,JUANCHITO,MARTES,2021-10-26,Entre semana,19:59:00
VOLCAMIENTO,HERIDOS,CANDELARIA,EL CARMELO,JUEVES,2021-10-28,Entre semana,09:44:00
CHOQUE,HERIDOS,CANDELARIA-CALI,DOMINGO LARGO,JUEVES,2021-10-28,Entre semana,10:15:00
CHOQUE,DAÑOS,VILLAGORGONA - PALMIRA,CANDELARIA,JUEVES,2021-10-28,Entre semana,13:00:00
CHOQUE,HERIDOS,CALI-CANDELARIA,EL CARMELO,VIERNES,2021-10-29,Entre semana,14:00:00
Desconocido,DAÑOS,PALMIRA-VILLA RICA,CANDELARIA,SABADO,2021-10-30,Fin de semana,14:00:00
CHOQUE,HERIDOS,CANDELARIA-CALI,POBLADO CAMPESTRE,SABADO,2021-10-30,Fin de semana,10:00:00
CHOQUE,MUERTOS,CALI-CANDELARIA,EL CARMELO,LUNES,2021-11-01,Entre semana,11:59:00
ATROPELLO,HERIDOS,CALI-CANDELARIA,CANDELARIA,MIERCOLES,2021-11-03,Entre semana,17:15:00
CHOQUE,DAÑOS,CALI-CANDELARIA,POBLADO CAMPESTRE,MIERCOLES,2021-11-03,Entre semana,18:00:00
CHOQUE,HERIDOS,PUERTO TEJADA-PALMIRA,EL ARENAL,VIERNES,2021-11-05,Entre semana,12:15:00
CHOQUE,DAÑOS,CALI-CANDELARIA,POBLADO CAMPESTRE,SABADO,2021-11-06,Fin de semana,21:40:00
ATROPELLO,HERIDOS,CALI-CANDELARIA,JUANCHITO,DOMINGO,2021-11-07,Fin de semana,03:13:00
CHOQUE,HERIDOS,CALI-CANDELARIA,EL LAURO,LUNES,2021-11-08,Entre semana,10:15:00
CHOQUE,DAÑOS,CALI-CANDELARIA,CANDELARIA,LUNES,2021-11-08,Entre semana,10:15:00
CHOQUE,MUERTOS,CANDELARIA-CALI,CANDELARIA,LUNES,2021-11-08,Entre semana,06:00:00
CHOQUE,DAÑOS,VILLARICA-PALMIRA,CANDELARIA,LUNES,2021-11-08,Entre semana,
CHOQUE,DAÑOS,CALI-CANDELARIA,JUANCHITO,MARTES,2021-11-09,Entre semana,18:20:00
VOLCAMIENTO,DAÑOS,PUERTO TEJADA - PALMIRA,EL CABUYAL,MARTES,2021-11-09,Entre semana,16:00:00
CHOQUE,DAÑOS,CALI-CANDELARIA,VILLAGORGONA,MIERCOLES,2021-11-10,Entre semana,19:20:00
CHOQUE,DAÑOS,VILLARICA-PALMIRA,EL LAURO,MIERCOLES,2021-11-10,Entre semana,14:20:00
CHOQUE,DAÑOS,VILLARICA-PALMIRA,EL CABUYAL,JUEVES,2021-11-11,Entre semana,09:23:00
VOLCAMIENTO,DAÑOS,VILLARICA-PALMIRA,RIO EL TRIUNFO,DOMINGO,2021-11-14,Fin de semana,21:30:00
CHOQUE,HERIDOS,CANDELARIA-PALMIRA,RIO EL TRIUNFO,DOMINGO,2021-11-14,Fin de semana,17:45:00
CHOQUE,HERIDOS,CALI-CANDELARIA,VILLAGORGONA,DOMINGO,2021-11-14,Fin de semana,05:40:00
CHOQUE,HERIDOS,CALI-CANDELARIA,VILLAGORGONA,LUNES,2021-11-15,Entre semana,12:10:00
CHOQUE,DAÑOS,CALI-CANDELARIA,JUANCHITO,LUNES,2021-11-15,Entre semana,15:00:00
ATROPELLO,HERIDOS,CALI-CANDELARIA,VILLAGORGONA,LUNES,2021-11-15,Entre semana,08:00:00
ATROPELLO,HERIDOS,CALI-CANDELARIA,JUANCHITO,MARTES,2021-11-16,Entre semana,10:30:00
CHOQUE,DAÑOS,CALI-CANDELARIA,EL LAURO,JUEVES,2021-11-18,Entre semana,13:35:00
CHOQUE,DAÑOS,CALI-CANDELARIA,JUANCHITO,JUEVES,2021-11-18,Entre semana,13:00:00
CHOQUE,DAÑOS,CANDELARIA,CANDELARIA,JUEVES,2021-11-18,Entre semana,10:15:00
CHOQUE,DAÑOS,CALI-CANDELARIA,CANDELARIA,VIERNES,2021-11-19,Entre semana,14:00:00
CHOQUE,HERIDOS,CALI-CANDELARIA,DOMINGO LARGO,MARTES,2021-11-23,Entre semana,11:38:00
CHOQUE,DAÑOS,CALI-CANDELARIA,CANDELARIA,LUNES,2021-11-22,Entre semana,05:30:00
CHOQUE,DAÑOS,VILLARICA-PALMIRA,EL LAURO,MIERCOLES,2021-11-24,Entre semana,17:15:00
CHOQUE,DAÑOS,VILLARICA-PALMIRA,CANDELARIA,MIERCOLES,2021-11-24,Entre semana,
CHOQUE,DAÑOS,CALI-CANDELARIA,VILLAGORGONA,VIERNES,2021-11-26,Entre semana,10:00:00
CHOQUE,DAÑOS,CALI-CANDELARIA,JUANCHITO,SABADO,2021-11-27,Fin de semana,14:00:00
CHOQUE,DAÑOS,CALI-CANDELARIA,JUANCHITO,DOMINGO,2021-11-28,Fin de semana,07:30:00
CHOQUE,DAÑOS,CALI-CANDELARIA,CANDELARIA,LUNES,2021-11-29,Entre semana,10:15:00
CHOQUE,DAÑOS,CALI-CANDELARIA,JUANCHITO,LUNES,2021-11-29,Entre semana,15:00:00
CHOQUE,HERIDOS,CANDELARIA,CANDELARIA,JUEVES,2021-12-02,Entre semana,11:15:00
CHOQUE,DAÑOS,CALI-CANDELARIA,CANDELARIA,VIERNES,2021-12-03,Entre semana,09:10:00
CHOQUE,HERIDOS,CANDELARIA,LA VICTORIA,VIERNES,2021-12-03,Entre semana,14:00:00
CHOQUE,DAÑOS,CALI-CANDELARIA,VILLAGORGONA,VIERNES,2021-12-03,Entre semana,09:10:00
CHOQUE,HERIDOS,CALI-CANDELARIA,LA VICTORIA,SABADO,2021-12-04,Fin de semana,12:10:00
CHOQUE,HERIDOS,CALI-CANDELARIA,DOMINGO LARGO,SABADO,2021-12-04,Fin de semana,09:00:00
CHOQUE,DAÑOS,CALI-CANDELARIA,VILLAGORGONA,MARTES,2021-12-07,Entre semana,13:10:00
CHOQUE,DAÑOS,CALI-CANDELARIA,POBLADO CAMPESTRE,MARTES,2021-12-07,Entre semana,14:00:00
VOLCAMIENTO,HERIDOS,CALI-CANDELARIA,VILLAGORGONA,MIERCOLES,2021-12-08,Entre semana,18:00:00
CHOQUE,DAÑOS,CALI-CANDELARIA,LA NUBIA,JUEVES,2021-12-09,Entre semana,19:00:00
CHOQUE,DAÑOS,CALI-CANDELARIA,VILLAGORGONA,VIERNES,2021-12-10,Entre semana,16:20:00
CHOQUE,DAÑOS,CALI-CANDELARIA,JUANCHITO,VIERNES,2021-12-10,Entre semana,14:00:00
CHOQUE,DAÑOS,CALI-CANDELARIA,JUANCHITO,DOMINGO,2021-12-12,Fin de semana,07:30:00
CHOQUE,DAÑOS,CALI-CANDELARIA,VILLAGORGONA,MARTES,2021-12-14,Entre semana,17:15:00
CHOQUE,DAÑOS,CALI-CANDELARIA,JUANCHITO,MARTES,2021-12-14,Entre semana,13:10:00
CHOQUE,HERIDOS,PUERTO TEJADA-PALMIRA,CANDELARIA,MARTES,2021-12-14,Entre semana,10:00:00
CHOQUE,DAÑOS,CALI-CANDELARIA,JUANCHITO,MIERCOLES,2021-12-15,Entre semana,06:20:00
CHOQUE,DAÑOS,CALI-CANDELARIA,CANDELARIA,MIERCOLES,2021-12-15,Entre semana,12:30:00
CHOQUE,DAÑOS,CALI-CANDELARIA,VILLAGORGONA,MIERCOLES,2021-12-15,Entre semana,14:00:00
ATROPELLO,HERIDOS,CALI-CANDELARIA,EL CARMELO,MIERCOLES,2021-12-15,Entre semana,17:15:00
CHOQUE,HERIDOS,CALI-CANDELARIA,EL CARMELO,JUEVES,2021-12-16,Entre semana,13:00:00
CHOQUE,HERIDOS,CALI-CANDELARIA,VILLAGORGONA,VIERNES,2021-12-17,Entre semana,15:00:00
CHOQUE,HERIDOS,PUERTO TEJADA-PALMIRA,CANDELARIA,SABADO,2021-12-18,Fin de semana,07:00:00
CHOQUE,HERIDOS,PUERTO TEJADA-PALMIRA,EL CABUYAL,DOMINGO,2021-12-19,Fin de semana,03:13:00
CHOQUE,DAÑOS,CALI-CANDELARIA,VILLAGORGONA,MIERCOLES,2021-12-22,Entre semana,19:30:00
CHOQUE,MUERTOS,CALI-FLORIDA,LA REGINA,MIERCOLES,2021-12-22,Entre semana,09:06:00
VOLCAMIENTO,DAÑOS,CANDELARIA,EL LAURO,JUEVES,2021-12-23,Entre semana,09:00:00
CHOQUE,DAÑOS,CALI-CANDELARIA,CANDELARIA,VIERNES,2021-12-24,Entre semana,09:10:00
CHOQUE,HERIDOS,CALI-CANDELARIA,CANDELARIA,VIERNES,2021-12-24,Entre semana,12:11:00
ATROPELLO,HERIDOS,CALI-CANDELARIA,VILLAGORGONA,VIERNES,2021-12-24,Entre semana,10:00:00
CHOQUE,DAÑOS,CANDELARIA,EL CABUYAL,VIERNES,2021-12-24,Entre semana,16:20:00
CHOQUE,HERIDOS,VILLARICA-PALMIRA,CANDELARIA,DOMINGO,2021-12-26,Fin de semana,05:40:00
CHOQUE,DAÑOS,CALI-CANDELARIA,JUANCHITO,DOMINGO,2021-12-26,Fin de semana,05:40:00
CHOQUE,DAÑOS,CALI-CANDELARIA,EL CARMELO,VIERNES,2021-12-27,Entre semana,08:20:00
CHOQUE,DAÑOS,VILLARICA-PALMIRA,CANDELARIA,LUNES,2021-12-27,Entre semana,
ATROPELLO,MUERTOS,CALI-CANDELARIA,JUANCHITO,MARTES,2021-12-28,Entre semana,14:00:00
CHOQUE,DAÑOS,CALI-CANDELARIA,JUANCHITO,MARTES,2021-12-28,Entre semana,
CHOQUE,DAÑOS,CANDELARIA,EL CABUYAL,MIERCOLES,2021-12-29,Entre semana,15:30:00
CHOQUE,DAÑOS,CALI-CANDELARIA,JUANCHITO,JUEVES,2021-12-30,Entre semana,17:15:00
ATROPELLO,MUERTOS,VILLARICA-PALMIRA,EL ARENAL,VIERNES,2021-12-31,Entre semana,21:00:00
CHOQUE,DAÑOS,CANDELARIA-CALI,EL CARMELO,DOMINGO,2022-01-02,Fin de semana,23:00:00
CHOQUE,HERIDOS,CALI-CANDELARIA,CANDELARIA,LUNES,2022-01-03,Entre semana,08:00:00
CHOQUE,DAÑOS,CALI-CANDELARIA,VILLAGORGONA,MARTES,2022-01-04,Entre semana,11:00:00
CHOQUE,HERIDOS,PALMIRA-VILLARICA,EL CABUYAL,DOMINGO,2022-01-09,Fin de semana,17:00:00
VOLCAMIENTO,DAÑOS,PALMIRA-VILLARICA,EL ARENAL,LUNES,2022-01-10,Entre semana,22:00:00
CHOQUE,HERIDOS,VILLARICA-PALMIRA,CANDELARIA,DOMINGO,2022-01-16,Fin de semana,23:00:00
CHOQUE,DAÑOS,VILLARICA-PALMIRA,CANDELARIA,MARTES,2022-01-18,Entre semana,13:00:00
CHOQUE,HERIDOS,CANDELARIA,CANDELARIA,MARTES,2022-01-18,Entre semana,19:00:00
CHOQUE,HERIDOS,CALI-CANDELARIA,JUANCHITO,MIERCOLES,2022-01-19,Entre semana,07:00:00
CHOQUE,DAÑOS,CANDELARIA-PALMIRA,CANDELARIA,MIERCOLES,2022-01-19,Entre semana,15:00:00
CHOQUE,DAÑOS,CALI-CANDELARIA,LA REGINA,MIERCOLES,2022-01-19,Entre semana,19:00:00
CHOQUE,HERIDOS,CALI-CANDELARIA,POBLADO CAMPESTRE,MIERCOLES,2022-01-19,Entre semana,06:00:00
CHOQUE,HERIDOS,CALI-CANDELARIA,VILLAGORGONA,LUNES,2022-01-24,Entre semana,03:00:00
CHOQUE,DAÑOS,CANDELARIA,CANDELARIA,LUNES,2022-01-24,Entre semana,08:00:00
CHOQUE,DAÑOS,CALI-CANDELARIA,VILLAGORGONA,MARTES,2022-01-25,Entre semana,14:00:00
CHOQUE,DAÑOS,CALI-CANDELARIA,JUANCHITO,SABADO,2022-01-29,Fin de semana,17:00:00
CHOQUE,HERIDOS,CALI-CANDELARIA,POBLADO CAMPESTRE,SABADO,2022-01-29,Fin de semana,14:00:00
CHOQUE,DAÑOS,CALI-CANDELARIA,EL CARMELO,DOMINGO,2022-01-30,Fin de semana,11:00:00
CHOQUE,DAÑOS,CALI-CANDELARIA,LA NUBIA,DOMINGO,2022-01-30,Fin de semana,01:00:00
CHOQUE,DAÑOS,CALI-CANDELARIA,VILLAGORGONA,LUNES,2022-01-31,Entre semana,16:00:00
OTRO,DAÑOS,CALI-CANDELARIA,JUANCHITO,MARTES,2022-02-01,Entre semana,06:00:00
CHOQUE,DAÑOS,PALMIRA-VILLARICA,EL LAURO,MARTES,2022-02-01,Entre semana,10:00:00
CHOQUE,DAÑOS,VILLARICA-PALMIRA,CANDELARIA,MIERCOLES,2022-02-01,Entre semana,08:00:00
CHOQUE,HERIDOS,PALMIRA-VILLARICA,CANDELARIA,JUEVES,2022-02-01,Entre semana,06:00:00
CHOQUE,DAÑOS,VILLAGORGONA,VILLAGORGONA,MIERCOLES,2022-02-02,Entre semana,12:00:00
CHOQUE,DAÑOS,CANDELARIA-CALI,JUANCHITO,MIERCOLES,2022-02-02,Entre semana,15:00:00
CHOQUE,HERIDOS,CANDELARIA,POBLADO CAMPESTRE,MIERCOLES,2022-02-02,Entre semana,17:00:00
CHOQUE,MUERTOS,PALMIRA-PUERTO TEJADA,EL LAURO,VIERNES,2022-02-04,Entre semana,15:00:00
CHOQUE,HERIDOS,CANDELARIA-CALI,VILLAGORGONA,VIERNES,2022-02-04,Entre semana,15:00:00
CHOQUE,DAÑOS,CALI-CANDELARIA,JUANCHITO,SABADO,2022-02-05,Fin de semana,05:00:00
CHOQUE,DAÑOS,CALI-CANDELARIA,JUANCHITO,SABADO,2022-02-05,Fin de semana,13:00:00
CHOQUE,DAÑOS,CALI-CANDELARIA,JUANCHITO,SABADO,2022-02-05,Fin de semana,12:00:00
CHOQUE,DAÑOS,VILLARICA-PALMIRA,CANDELARIA,MARTES,2022-02-08,Entre semana,08:00:00
CHOQUE,MUERTOS,CALI-CANDELARIA,JUANCHITO,MARTES,2022-02-08,Entre semana,10:00:00
CHOQUE,HERIDOS,PUERTO TEJADA-PALMIRA,CANDELARIA,MARTES,2022-02-08,Entre semana,15:00:00
CHOQUE,DAÑOS,PALMIRA-VILLARICA,EL CABUYAL,MIERCOLES,2022-02-09,Entre semana,12:00:00
CHOQUE,HERIDOS,VILLAGORGONA,VILLAGORGONA,JUEVES,2022-02-10,Entre semana,15:00:00
CHOQUE,DAÑOS,CALI-CANDELARIA,JUANCHITO,VIERNES,2022-02-11,Entre semana,12:00:00
CHOQUE,DAÑOS,CALI-CANDELARIA,VILLAGORGONA,DOMINGO,2022-02-13,Fin de semana,12:00:00
CHOQUE,HERIDOS,SAN JOAQUIN-TIPLE,SAN JOAQUIN,DOMINGO,2022-02-13,Fin de semana,16:00:00
CHOQUE,DAÑOS,VILLARICA-PALMIRA,EL CABUYAL,MARTES,2022-02-15,Entre semana,06:00:00
CHOQUE,HERIDOS,CANDELARIA-CALI,JUANCHITO,MIERCOLES,2022-02-16,Entre semana,07:00:00
CHOQUE,DAÑOS,POBLADO CAMPESTRE,JUANCHITO,DOMINGO,2022-02-20,Fin de semana,11:00:00
VOLCAMIENTO,HERIDOS,VILLARICA-PALMIRA,EL LAURO,MARTES,2022-02-22,Entre semana,14:00:00
CHOQUE,DAÑOS,VILLARICA-PALMIRA,EL LAURO,MIERCOLES,2022-02-23,Entre semana,13:00:00
CHOQUE,HERIDOS,CALI-CANDELARIA,CANDELARIA,VIERNES,2022-02-25,Entre semana,16:00:00
CHOQUE,DAÑOS,CANDELARIA-CALI,JUANCHITO,VIERNES,2022-02-25,Entre semana,06:00:00
CHOQUE,DAÑOS,CALI-CANDELARIA,EL ARENAL,SABADO,2022-02-26,Fin de semana,08:00:00
CHOQUE,DAÑOS,CANDELARIA,CANDELARIA,SABADO,2022-02-26,Fin de semana,11:00:00
CHOQUE,MUERTOS,VILLARICA-PALMIRA,EL CABUYAL,DOMINGO,2022-02-27,Fin de semana,19:00:00
CHOQUE,DAÑOS,VILLARICA-PALMIRA,EL CABUYAL,DOMINGO,2022-02-27,Fin de semana,20:00:00
CHOQUE,HERIDOS,CALI-CANDELARIA,JUANCHITO,DOMINGO,2022-02-27,Fin de semana,16:00:00
ATROPELLO,MUERTOS,PALMIRA-VILLARICA,EL ARENAL,LUNES,2022-02-28,Entre semana,05:00:00
CHOQUE,DAÑOS,EL CARMELO,EL CARMELO,MARTES,2022-03-01,Entre semana,06:00:00
VOLCAMIENTO,MUERTOS,CANDELARIA-CALI,JUANCHITO,MIERCOLES,2022-03-02,Entre semana,15:00:00
CHOQUE,DAÑOS,CALI-CANDELARIA,EL CARMELO,JUEVES,2022-03-03,Entre semana,12:00:00
CHOQUE,HERIDOS,CALI-CANDELARIA,POBLADO CAMPESTRE,JUEVES,2022-03-03,Entre semana,20:00:00
CHOQUE,HERIDOS,VILLARICA-PALMIRA,CANDELARIA,SABADO,2022-03-05,Fin de semana,11:00:00
CHOQUE,DAÑOS,EL CARMELO,EL CARMELO,DOMINGO,2022-03-06,Fin de semana,10:00:00
CHOQUE,DAÑOS,CANDELARIA-CALI,JUANCHITO,MIERCOLES,2022-03-09,Entre semana,06:00:00
CHOQUE,DAÑOS,CALI-CANDELARIA,EL CARMELO,MIERCOLES,2022-03-09,Entre semana,05:00:00
VOLCAMIENTO,HERIDOS,CANDELARIA-CALI,EL CARMELO,MIERCOLES,2022-03-09,Entre semana,07:00:00
CHOQUE,DAÑOS,VILLAGORGONA-CANDELARIA,VILLAGORGONA,VIERNES,2022-03-11,Entre semana,11:00:00
CHOQUE,DAÑOS,CALI-CANDELARIA,DOMINGO LARGO,SABADO,2022-03-12,Fin de semana,12:00:00
CHOQUE,HERIDOS,VILLAGORGONA-CANDELARIA,VILLAGORGONA,DOMINGO,2022-03-13,Fin de semana,08:00:00
CHOQUE,HERIDOS,JUANCHITO,JUANCHITO,MARTES,2022-03-15,Entre semana,15:00:00
VOLCAMIENTO,HERIDOS,PALMIRA-VILLARICA,EL LAURO,MARTES,2022-03-15,Entre semana,16:00:00
CHOQUE,DAÑOS,VILLARICA-PALMIRA,EL CABUYAL,MIERCOLES,2022-03-16,Entre semana,14:00:00
CHOQUE,HERIDOS,JUANCHITO,JUANCHITO,VIERNES,2022-03-18,Entre semana,05:00:00
CHOQUE,MUERTOS,CALI-CANDELARIA,JUANCHITO,SABADO,2022-03-19,Fin de semana,14:00:00
CHOQUE,DAÑOS,VILLARICA-PALMIRA,CANDELARIA,SABADO,2022-03-19,Fin de semana,14:00:00
CHOQUE,DAÑOS,CALI-FLORIDA,LA REGINA,MARTES,2022-03-08,Entre semana,05:00:00
CHOQUE,DAÑOS,CALI-FLORIDA,CANDELARIA,LUNES,2022-03-14,Entre semana,17:00:00
CHOQUE,DAÑOS,CALI-CANDELARIA,JUANCHITO,SABADO,2022-03-19,Fin de semana,10:00:00
CHOQUE,HERIDOS,CALI-CANDELARIA,EL CARMELO,MIERCOLES,2022-03-23,Entre semana,07:00:00
CHOQUE,DAÑOS,CALI-CANDELARIA,VILLAGORGONA,MIERCOLES,2022-03-23,Entre semana,13:00:00
CHOQUE,DAÑOS,CALI-CANDELARIA,JUANCHITO,JUEVES,2022-03-24,Entre semana,06:00:00
CHOQUE,DAÑOS,CALI-CANDELARIA,JUANCHITO,VIERNES,2022-03-25,Entre semana,05:00:00
CHOQUE,HERIDOS,CANDELARIA-LA TUPIA,CANDELARIA,VIERNES,2022-03-25,Entre semana,20:00:00
CHOQUE,DAÑOS,CANDELARIA-CALI,JUANCHITO,DOMINGO,2022-03-27,Fin de semana,21:00:00
CHOQUE,DAÑOS,CANDELARIA-CALI,VILLAGORGONA,MARTES,2022-03-29,Entre semana,07:00:00
CHOQUE,HERIDOS,VILLAGORGONA,VILLAGORGONA,JUEVES,2022-03-31,Entre semana,09:00:00
CHOQUE,DAÑOS,VILLARICA-PALMIRA,EL CABUYAL,JUEVES,2022-03-31,Entre semana,23:00:00
CHOQUE,DAÑOS,PALMIRA-VILLARICA,EL CABUYAL,LUNES,2022-04-01,Entre semana,06:00:00
CHOQUE,DAÑOS,CALI-CANDELARIA,JUANCHITO,MARTES,2022-04-05,Entre semana,07:00:00
CHOQUE,DAÑOS,CALI-CANDELARIA,POBLADO CAMPESTRE,JUEVES,2022-04-07,Entre semana,08:00:00
CHOQUE,DAÑOS,VILLAGORGONA,VILLAGORGONA,JUEVES,2022-04-07,Entre semana,11:00:00
CHOQUE,DAÑOS,CALI-CANDELARIA,JUANCHITO,SABADO,2022-04-09,Fin de semana,08:00:00
CHOQUE,DAÑOS,CANDELARIA-CALI,JUANCHITO,SABADO,2022-04-09,Fin de semana,11:00:00
CHOQUE,DAÑOS,VILLARICA-PALMIRA,TURIN,SABADO,2022-04-09,Fin de semana,17:00:00
ATROPELLO,HERIDOS,VILLAGORGONA,VILLAGORGONA,MIERCOLES,2022-04-03,Entre semana,20:00:00
CHOQUE,HERIDOS,CALI-CANDELARIA,JUANCHITO,MARTES,2022-04-05,Entre semana,16:00:00
CHOQUE,HERIDOS,CALI-CANDELARIA,CANDELARIA,MARTES,2022-04-05,Entre semana,17:00:00
CHOQUE,HERIDOS,CALI-CANDELARIA,JUANCHITO,MIERCOLES,2022-04-06,Entre semana,12:00:00
CHOQUE,MUERTOS,VILLARICA-PALMIRA,CANDELARIA,DOMINGO,2022-04-10,Fin de semana,15:00:00
CHOQUE,DAÑOS,PALMIRA-VILLARICA,CANDELARIA,LUNES,2022-04-11,Entre semana,15:00:00
CHOQUE,DAÑOS,CANDELARIA-CALI,EL CARMELO,LUNES,2022-04-11,Entre semana,19:00:00
CHOQUE,HERIDOS,CALI-CANDELARIA,POBLADO CAMPESTRE,LUNES,2022-04-11,Entre semana,17:00:00
CHOQUE,DAÑOS,CANDELARIA,CANDELARIA,LUNES,2022-04-11,Entre semana,17:00:00
CHOQUE,HERIDOS,CANDELARIA-CALI,VILLAGORGONA,MARTES,2022-04-12,Entre semana,11:00:00
CHOQUE,HERIDOS,CANDELARIA-CALI,VILLAGORGONA,MIERCOLES,2022-04-13,Entre semana,16:00:00
CHOQUE,DAÑOS,CANDELARIA-CALI,JUANCHITO,MIERCOLES,2022-04-13,Entre semana,13:00:00
CHOQUE,HERIDOS,PALMIRA-VILLARICA,CANDELARIA,VIERNES,2022-04-15,Entre semana,09:00:00
CHOQUE,DAÑOS,POBLADO CAMPESTRE,POBLADO CAMPESTRE,SABADO,2022-04-16,Fin de semana,17:00:00
CHOQUE,DAÑOS,VILLARICA-PALMIRA,CANDELARIA,LUNES,2022-04-18,Entre semana,18:00:00
CHOQUE,DAÑOS,CANDELARIA,CANDELARIA,MARTES,2022-04-19,Entre semana,15:00:00
CHOQUE,HERIDOS,VILLARICA-PALMIRA,CANDELARIA,MIERCOLES,2022-04-20,Entre semana,13:00:00
CHOQUE,DAÑOS,JUANCHITO,JUANCHITO,MIERCOLES,2022-04-20,Entre semana,19:00:00
CHOQUE,HERIDOS,CALI-CANDELARIA,DOMINGO LARGO,VIERNES,2022-04-22,Entre semana,12:00:00
CHOQUE,DAÑOS,POBLADO CAMPESTRE,POBLADO CAMPESTRE,VIERNES,2022-04-22,Entre semana,11:00:00
CHOQUE,DAÑOS,CALI-CANDELARIA,VILLAGORGONA,SABADO,2022-04-23,Fin de semana,07:00:00
CHOQUE,HERIDOS,VILLARICA-PALMIRA,CANDELARIA,DOMINGO,2022-04-24,Fin de semana,15:00:00
CHOQUE,HERIDOS,CALI-CANDELARIA,CANDELARIA,MIERCOLES,2022-04-27,Entre semana,19:00:00
CHOQUE,DAÑOS,CALI-CANDELARIA,JUANCHITO,MIERCOLES,2022-04-27,Entre semana,17:00:00
ATROPELLO,MUERTOS,POBLADO CAMPESTRE,POBLADO CAMPESTRE,JUEVES,2022-04-28,Entre semana,16:00:00
CHOQUE,HERIDOS,CANDELARIA-CALI,VILLAGORGONA,SABADO,2022-04-30,Fin de semana,07:00:00
CHOQUE,HERIDOS,CANDELARIA-CALI,POBLADO CAMPESTRE,DOMINGO,2022-05-01,Fin de semana,13:00:00
CHOQUE,DAÑOS,CANDELARIA-CALI,VILLAGORGONA,MARTES,2022-05-03,Entre semana,13:00:00
CHOQUE,DAÑOS,CANDELARIA-CALI,POBLADO CAMPESTRE,MARTES,2022-05-03,Entre semana,17:00:00
ATROPELLO,HERIDOS,CANDELARIA-CALI,JUANCHITO,MIERCOLES,2022-05-04,Entre semana,06:00:00
CHOQUE,DAÑOS,PUERTO TEJADA-PALMIRA,CANDELARIA,VIERNES,2022-05-06,Entre semana,12:00:00
CHOQUE,MUERTOS,VILLARICA-PALMIRA,PUERTA AMARILLA,SABADO,2022-05-07,Fin de semana,05:00:00
CHOQUE,DAÑOS,VILLARICA-PALMIRA,CANDELARIA,DOMINGO,2022-05-08,Fin de semana,06:00:00
VOLCAMIENTO,HERIDOS,CALI-CANDELARIA,EL CARMELO,DOMINGO,2022-05-08,Fin de semana,11:00:00
CHOQUE,HERIDOS,VILLARICA-PALMIRA,EL CABUYAL,LUNES,2022-05-09,Entre semana,16:00:00
VOLCAMIENTO,DAÑOS,JUANCHITO,JUANCHITO,MIERCOLES,2022-05-11,Entre semana,06:00:00
CHOQUE,DAÑOS,CALI-CANDELARIA,JUANCHITO,VIERNES,2022-05-13,Entre semana,08:00:00
CHOQUE,HERIDOS,CALI-CANDELARIA,EL CARMELO,SABADO,2022-05-14,Fin de semana,20:00:00
CHOQUE,HERIDOS,CALI-CANDELARIA,VILLAGORGONA,DOMINGO,2022-05-15,Fin de semana,12:00:00
CHOQUE,HERIDOS,CALI-CANDELARIA,JUANCHITO,DOMINGO,2022-05-15,Fin de semana,21:00:00
ATROPELLO,MUERTOS,CALI-CANDELARIA,CANDELARIA,LUNES,2022-05-16,Entre semana,11:00:00
CHOQUE,DAÑOS,CANDELARIA-CALI,JUANCHITO,MARTES,2022-05-17,Entre semana,18:00:00
CHOQUE,HERIDOS,PALMIRA-VILLARICA,EL ARENAL,MARTES,2022-05-17,Entre semana,19:00:00
CHOQUE,DAÑOS,VILLARICA-PALMIRA,EL LAURO,MARTES,2022-05-17,Entre semana,08:00:00
VOLCAMIENTO,DAÑOS,CALI-CANDELARIA,EL CARMELO,MIERCOLES,2022-05-18,Entre semana,22:00:00
CHOQUE,DAÑOS,CANDELARIA-CALI,JUANCHITO,MIERCOLES,2022-05-18,Entre semana,06:00:00
CHOQUE,DAÑOS,CALI-CANDELARIA,CANDELARIA,JUEVES,2022-05-19,Entre semana,06:00:00
CHOQUE,DAÑOS,CALI-CANDELARIA,JUANCHITO,JUEVES,2022-05-19,Entre semana,06:00:00
CHOQUE,DAÑOS,PALMIRA-VILLARICA,CANDELARIA,JUEVES,2022-05-19,Entre semana,12:00:00
CHOQUE,DAÑOS,CALI-CANDELARIA,VILLAGORGONA,VIERNES,2022-05-20,Entre semana,11:00:00
CHOQUE,DAÑOS,PUERTO TEJADA-PALMIRA,EL LAURO,LUNES,2022-05-23,Entre semana,17:00:00
CHOQUE,DAÑOS,CALI-CANDELARIA,JUANCHITO,LUNES,2022-05-23,Entre semana,06:00:00
CHOQUE,DAÑOS,CALI-CANDELARIA,JUANCHITO,LUNES,2022-05-23,Entre semana,08:00:00
CHOQUE,DAÑOS,VILLARICA-PALMIRA,EL LAURO,MIERCOLES,2022-05-25,Entre semana,16:00:00
CHOQUE,DAÑOS,CALI-CANDELARIA,JUANCHITO,JUEVES,2022-05-26,Entre semana,13:00:00
CHOQUE,DAÑOS,CALI-CANDELARIA,JUANCHITO,VIERNES,2022-05-27,Entre semana,16:00:00
CHOQUE,DAÑOS,CANDELARIA-FLORIDA,CANDELARIA,MARTES,2022-05-31,Entre semana,11:00:00
CHOQUE,DAÑOS,CALI-CANDELARIA,JUANCHITO,MIERCOLES,2022-06-01,Entre semana,07:00:00
CHOQUE,DAÑOS,VILLARICA-PALMIRA,CANDELARIA,MIERCOLES,2022-06-01,Entre semana,07:00:00
CHOQUE,HERIDOS,VILLARICA-PALMIRA,EL LAURO,MIERCOLES,2022-06-01,Entre semana,06:00:00
CHOQUE,DAÑOS,CALI-CANDELARIA,JUANCHITO,MIERCOLES,2022-06-01,Entre semana,12:00:00
CHOQUE,HERIDOS,CALI-CANDELARIA,JUANCHITO,MIERCOLES,2022-06-01,Entre semana,17:00:00
CHOQUE,DAÑOS,CALI-CANDELARIA,VILLAGORGONA,JUEVES,2022-06-02,Entre semana,14:00:00
CHOQUE,HERIDOS,CALI-CANDELARIA,JUANCHITO,JUEVES,2022-06-02,Entre semana,16:00:00
CHOQUE,DAÑOS,POBLADO CAMPESTRE,POBLADO CAMPESTRE,SABADO,2022-06-04,Fin de semana,07:00:00
CHOQUE,HERIDOS,CANDELARIA,CANDELARIA,DOMINGO,2022-06-05,Fin de semana,15:00:00
CHOQUE,DAÑOS,CALI-CANDELARIA,VILLAGORGONA,LUNES,2022-06-06,Entre semana,14:00:00
CHOQUE,HERIDOS,VILLARICA-PALMIRA,EL LAURO,LUNES,2022-06-06,Entre semana,18:00:00
CHOQUE,DAÑOS,CANDELARIA,CANDELARIA,LUNES,2022-06-06,Entre semana,20:00:00
CHOQUE,DAÑOS,CALI-CANDELARIA,JUANCHITO,MIERCOLES,2022-06-08,Entre semana,05:00:00
CHOQUE,DAÑOS,CALI-CANDELARIA,JUANCHITO,MIERCOLES,2022-06-08,Entre semana,08:00:00
CHOQUE,HERIDOS,CALI-CANDELARIA,VILLAGORGONA,JUEVES,2022-06-09,Entre semana,06:00:00
CHOQUE,HERIDOS,VILLAGORGONA,VILLAGORGONA,JUEVES,2022-06-09,Entre semana,10:00:00
CHOQUE,MUERTOS,CALI-CANDELARIA,JUANCHITO,VIERNES,2022-06-10,Entre semana,21:00:00
CHOQUE,DAÑOS,CANDELARIA-CALI,JUANCHITO,VIERNES,2022-06-10,Entre semana,17:00:00
CHOQUE,HERIDOS,CALI-CANDELARIA,JUANCHITO,DOMINGO,2022-06-12,Fin de semana,12:00:00
CHOQUE,HERIDOS,CALI-CANDELARIA,EL CARMELO,MARTES,2022-06-14,Entre semana,19:00:00
VOLCAMIENTO,HERIDOS,CALI-CANDELARIA,JUANCHITO,VIERNES,2022-06-17,Entre semana,16:00:00
CHOQUE,DAÑOS,CANDELARIA,CANDELARIA,SABADO,2022-06-18,Fin de semana,10:00:00
CHOQUE,HERIDOS,CALI-CANDELARIA,JUANCHITO,SABADO,2022-06-18,Fin de semana,16:00:00
CHOQUE,HERIDOS,CANDELARIA-CALI,JUANCHITO,LUNES,2022-06-20,Entre semana,17:00:00
CHOQUE,DAÑOS,VILLAGORGONA,VILLAGORGONA,MARTES,2022-06-21,Entre semana,14:00:00
CHOQUE,DAÑOS,VILLARICA-PALMIRA,EL LAURO,MARTES,2022-06-21,Entre semana,12:00:00
CHOQUE,HERIDOS,POBLADO CAMPESTRE,POBLADO CAMPESTRE,MIERCOLES,2022-06-22,Entre semana,22:00:00
CHOQUE,DAÑOS,PALMIRA-VILLARICA,EL LAURO,MIERCOLES,2022-06-22,Entre semana,07:00:00
CHOQUE,DAÑOS,CANDELARIA,CANDELARIA,VIERNES,2022-06-24,Entre semana,09:00:00
ATROPELLO,HERIDOS,POBLADO CAMPESTRE,POBLADO CAMPESTRE,LUNES,2022-06-27,Entre semana,12:00:00
CHOQUE,DAÑOS,CALI-CANDELARIA,JUANCHITO,MIERCOLES,2022-06-29,Entre semana,04:00:00
ATROPELLO,HERIDOS,SAN JOAQUIN-EL CARMELO,LA GLORIA,MIERCOLES,2022-06-29,Entre semana,18:00:00
CHOQUE,HERIDOS,VILLARICA-PALMIRA,CANDELARIA,JUEVES,2022-06-30,Entre semana,10:00:00
ATROPELLO,HERIDOS,CALI-CANDELARIA,JUANCHITO,SABADO,2022-07-02,Fin de semana,16:00:00
CHOQUE,HERIDOS,CANDELARIA,CANDELARIA,SABADO,2022-07-02,Fin de semana,14:00:00
CHOQUE,DAÑOS,VILLARICA-PALMIRA,EL LAURO,SABADO,2022-07-02,Fin de semana,12:00:00
CHOQUE,DAÑOS,PUERTO TEJADA-PALMIRA,EL CABUYAL,MARTES,2022-07-05,Entre semana,12:00:00
CHOQUE,DAÑOS,CALI-CANDELARIA,DOMINGO LARGO,MARTES,2022-07-05,Entre semana,16:00:00
CHOQUE,DAÑOS,CALI-CANDELARIA,EL CARMELO,VIERNES,2022-07-08,Entre semana,09:00:00
OTRO,HERIDOS,PUERTO TEJADA-PALMIRA,EL LAURO,SABADO,2022-07-09,Fin de semana,16:00:00
CHOQUE,DAÑOS,POBLADO CAMPESTRE,POBLADO CAMPESTRE,DOMINGO,2022-07-10,Fin de semana,21:00:00
OTRO,HERIDOS,VILLAGORGONA,VILLAGORGONA,LUNES,2022-07-11,Entre semana,09:00:00
CHOQUE,DAÑOS,EL CARMELO,EL CARMELO,JUEVES,2022-07-14,Entre semana,11:00:00
CHOQUE,MUERTOS,CALI-FLORIDA,CANDELARIA,DOMINGO,2022-07-17,Fin de semana,14:00:00
CHOQUE,DAÑOS,CANDELARIA-PRADERA,CANDELARIA,DOMINGO,2022-07-17,Fin de semana,10:00:00
CHOQUE,DAÑOS,EL CARMELO,EL CARMELO,MIERCOLES,2022-07-20,Entre semana,11:00:00
ATROPELLO,HERIDOS,VILLAGORGONA,VILLAGORGONA,DOMINGO,2022-07-24,Fin de semana,12:00:00
CHOQUE,DAÑOS,VILLARICA-PALMIRA,CANDELARIA,DOMINGO,2022-07-24,Fin de semana,01:00:00
CHOQUE,DAÑOS,PUERTO TEJADA-PALMIRA,EL CABUYAL,MIERCOLES,2022-07-25,Entre semana,12:00:00
CHOQUE,HERIDOS,VILLAGORGONA,VILLAGORGONA,MARTES,2022-07-26,Entre semana,13:00:00
CHOQUE,DAÑOS,VILLARICA-PALMIRA,CANDELARIA,LUNES,2022-08-01,Entre semana,12:00:00
CHOQUE,HERIDOS,CANDELARIA-CALI,JUANCHITO,JUEVES,2022-08-04,Entre semana,06:00:00
CHOQUE,MUERTOS,PALMIRA-VILLARICA,CANDELARIA,JUEVES,2022-08-04,Entre semana,05:00:00
CHOQUE,HERIDOS,EL CARMELO,EL CARMELO,DOMINGO,2022-08-07,Fin de semana,17:00:00
CHOQUE,HERIDOS,CALI-CANDELARIA,JUANCHITO,LUNES,2022-08-08,Entre semana,06:00:00
CHOQUE,DAÑOS,CANDELARIA-CALI,VILLAGORGONA,VIERNES,2022-08-12,Entre semana,11:00:00
OBJETO FIJO,HERIDOS,CANDELARIA-CALI,CANDELARIA,SABADO,2022-08-13,Fin de semana,21:00:00
CHOQUE,DAÑOS,VILLARICA-PALMIRA,EL CABUYAL,LUNES,2022-08-15,Entre semana,05:00:00
ATROPELLO,HERIDOS,CALI-CANDELARIA,VILLAGORGONA,VIERNES,2022-08-12,Entre semana,19:00:00
CHOQUE,DAÑOS,VILLARICA-PALMIRA,CANDELARIA,SABADO,2022-08-13,Fin de semana,15:00:00
CHOQUE,HERIDOS,CALI-CANDELARIA,EL CARMELO,MIERCOLES,2022-08-17,Entre semana,06:00:00
CHOQUE,HERIDOS,CANDELARIA,CANDELARIA,MARTES,2022-08-16,Entre semana,18:00:00
CHOQUE,HERIDOS,VILLARICA-PALMIRA,CANDELARIA,MIERCOLES,2022-08-17,Entre semana,16:00:00
CHOQUE,DAÑOS,CALI-CANDELARIA,VILLAGORGONA,SABADO,2022-08-20,Fin de semana,15:00:00
CHOQUE,HERIDOS,CALI-FLORIDA,CANDELARIA,SABADO,2022-08-20,Fin de semana,03:00:00
CHOQUE,HERIDOS,VILLAGORGONA,VILLAGORGONA,DOMINGO,2022-08-21,Fin de semana,22:00:00
CHOQUE,DAÑOS,CANDELARIA-CALI,JUANCHITO,JUEVES,2022-08-25,Entre semana,20:00:00
CHOQUE,DAÑOS,PALMIRA-VILLARICA,CANDELARIA,VIERNES,2022-08-26,Entre semana,10:00:00
CHOQUE,HERIDOS,CANDELARIA-CALI,EL CARMELO,MIERCOLES,2022-08-24,Entre semana,16:00:00
CHOQUE,HERIDOS,CANDELARIA-CALI,EL CARMELO,VIERNES,2022-08-26,Entre semana,20:00:00
ATROPELLO,HERIDOS,CALI-CANDELARIA,VILLAGORGONA,SABADO,2022-08-27,Fin de semana,11:00:00
CHOQUE,DAÑOS,PUERTO TEJADA-PALMIRA,EL CABUYAL,SABADO,2022-08-27,Fin de semana,19:00:00
CHOQUE,DAÑOS,CANDELARIA-CALI,JUANCHITO,DOMINGO,2022-08-28,Fin de semana,12:00:00
CHOQUE,HERIDOS,VILLARICA-PALMIRA,CANDELARIA,MARTES,2022-08-30,Entre semana,16:00:00
ATROPELLO,HERIDOS,CANDELARIA-CALI,CANDELARIA,MARTES,2022-08-30,Entre semana,18:00:00
CHOQUE,DAÑOS,CANDELARIA,CANDELARIA,JUEVES,2022-09-01,Entre semana,14:00:00
CHOQUE,DAÑOS,CANDELARIA-CALI,JUANCHITO,SABADO,2022-09-03,Fin de semana,20:00:00
VOLCAMIENTO,HERIDOS,CALI-CANDELARIA,JUANCHITO,DOMINGO,2022-09-04,Fin de semana,23:00:00
CHOQUE,HERIDOS,CANDELARIA-CALI,JUANCHITO,MARTES,2022-09-06,Entre semana,06:00:00
CHOQUE,DAÑOS,CANDELARIA,CANDELARIA,MIERCOLES,2022-08-07,Entre semana,23:00:00
CHOQUE,DAÑOS,PALMIRA-VILLARICA,CANDELARIA,MIERCOLES,2022-09-07,Entre semana,22:00:00
CHOQUE,DAÑOS,POBLADO CAMPESTRE,POBLADO CAMPESTRE,VIERNES,2022-09-09,Entre semana,09:00:00
ATROPELLO,HERIDOS,VILLARICA-PALMIRA,EL LAURO,SABADO,2022-09-10,Fin de semana,07:00:00
ATROPELLO,HERIDOS,JUANCHITO,JUANCHITO,DOMINGO,2022-09-18,Fin de semana,12:00:00
ATROPELLO,HERIDOS,CALI-CANDELARIA,CANDELARIA,VIERNES,2022-09-16,Entre semana,05:00:00
CHOQUE,HERIDOS,CALI-CANDELARIA,CANDELARIA,LUNES,2022-09-16,Entre semana,06:00:00
CHOQUE,HERIDOS,CALI-CANDELARIA,EL CARMELO,DOMINGO,2022-09-18,Fin de semana,07:00:00
CHOQUE,HERIDOS,CANDELARIA,CANDELARIA,LUNES,2022-09-19,Entre semana,19:00:00
CHOQUE,DAÑOS,VILLARICA-PALMIRA,EL CABUYAL,MARTES,2022-09-20,Entre semana,09:00:00
CHOQUE,DAÑOS,CANDELARIA-CALI,JUANCHITO,VIERNES,2022-09-23,Entre semana,18:00:00
CHOQUE,HERIDOS,CANDELARIA-CALI,EL CARMELO,VIERNES,2022-09-23,Entre semana,12:00:00
CHOQUE,HERIDOS,CALI-CANDELARIA,JUANCHITO,VIERNES,2022-09-23,Entre semana,20:00:00
CHOQUE,DAÑOS,PUERTO TEJADA-PALMIRA,CANDELARIA,SABADO,2022-09-24,Fin de semana,14:00:00
CHOQUE,HERIDOS,CANDELARIA,CANDELARIA,VIERNES,2022-09-23,Entre semana,22:00:00
CHOQUE,HERIDOS,VILLAGORGONA,CANDELARIA,DOMINGO,2022-09-25,Fin de semana,18:00:00
CHOQUE,HERIDOS,VILLAGORGONA,VILLAGORGONA,MARTES,2022-09-27,Entre semana,16:00:00
CHOQUE,MUERTOS,JUANCHITO,JUANCHITO,JUEVES,2022-09-30,Entre semana,07:00:00
CHOQUE,DAÑOS,VILLAGORGONA,VILLAGORGONA,MIERCOLES,2022-09-28,Entre semana,11:00:00
CHOQUE,HERIDOS,CALI-CANDELARIA,DOMINGO LARGO,DOMINGO,2022-10-02,Fin de semana,12:00:00
VOLCAMIENTO,MUERTOS,CALI-CANDELARIA,EL CARMELO,LUNES,2022-10-03,Entre semana,05:00:00
CHOQUE,DAÑOS,PUERTO TEJADA-PALMIRA,EL CABUYAL,MARTES,2022-10-04,Entre semana,17:00:00
CHOQUE,DAÑOS,CALI-CANDELARIA,VILLAGORGONA,MARTES,2022-10-04,Entre semana,20:00:00
CHOQUE,HERIDOS,PALMIRA-VILLARICA,EL CABUYAL,JUEVES,2022-10-06,Entre semana,11:00:00
CHOQUE,HERIDOS,CALI-CANDELARIA,EL CARMELO,VIERNES,2022-10-07,Entre semana,17:00:00
CHOQUE,HERIDOS,CALI-CANDELARIA,JUANCHITO,VIERNES,2022-10-14,Entre semana,12:00:00
CHOQUE,DAÑOS,VILLARICA-PALMIRA,CANDELARIA,DOMINGO,2022-10-16,Fin de semana,11:00:00
CHOQUE,HERIDOS,CANDELARIA,CANDELARIA,LUNES,2022-10-17,Entre semana,01:00:00
CHOQUE,HERIDOS,CALI-CANDELARIA,VILLAGORGONA,LUNES,2022-10-17,Entre semana,11:00:00
CHOQUE,DAÑOS,CALI-CANDELARIA,EL CARMELO,MIERCOLES,2022-10-19,Entre semana,12:00:00
CHOQUE,DAÑOS,CALI-CANDELARIA,JUANCHITO,JUEVES,2022-10-20,Entre semana,07:00:00
CHOQUE,DAÑOS,CANDELARIA-CALI,VILLAGORGONA,JUEVES,2022-10-20,Entre semana,17:00:00
CHOQUE,MUERTOS,PALMIRA-VILLARICA,EL LAURO,SABADO,2022-10-22,Fin de semana,05:00:00
CHOQUE,DAÑOS,PALMIRA-PUERTO TEJADA,CANDELARIA,MARTES,2022-10-25,Entre semana,01:00:00
CHOQUE,HERIDOS,CALI-CANDELARIA,JUANCHITO,MARTES,2022-10-25,Entre semana,16:00:00
CHOQUE,HERIDOS,CALI-CANDELARIA,JUANCHITO,VIERNES,2022-10-28,Entre semana,09:00:00
CHOQUE,DAÑOS,POBLADO CAMPESTRE,CANDELARIA,MARTES,2022-11-01,Entre semana,12:00:00
CHOQUE,HERIDOS,CALI-CANDELARIA,EL CARMELO,MARTES,2022-11-01,Entre semana,06:00:00
VOLCAMIENTO,HERIDOS,CALI-CANDELARIA,JUANCHITO,MIERCOLES,2022-11-02,Entre semana,05:00:00
CHOQUE,HERIDOS,CANDELARIA-FLORIDA,LA REGINA,JUEVES,2022-11-03,Entre semana,19:00:00
ATROPELLO,HERIDOS,CALI-CANDELARIA,JUANCHITO,SABADO,2022-11-05,Fin de semana,22:00:00
CHOQUE,HERIDOS,CANDELARIA-PRADERA,CANDELARIA,SABADO,2022-11-05,Fin de semana,08:00:00
ATROPELLO,HERIDOS,CALI-CANDELARIA,JUANCHITO,LUNES,2022-11-07,Entre semana,05:00:00
CHOQUE,DAÑOS,CANDELARIA,CANDELARIA,MARTES,2022-11-08,Entre semana,20:00:00
VOLCAMIENTO,MUERTOS,CALI-CANDELARIA,CANDELARIA,DOMINGO,2022-11-13,Fin de semana,04:00:00
CHOQUE,HERIDOS,CANDELARIA-CALI,EL CARMELO,LUNES,2022-11-14,Entre semana,07:00:00
CHOQUE,HERIDOS,VILLARICA-PALMIRA,EL CABUYAL,MIERCOLES,2022-11-16,Entre semana,07:00:00
ATROPELLO,HERIDOS,CALI-CANDELARIA,VILLAGORGONA,SABADO,2022-11-19,Fin de semana,11:00:00
CHOQUE,HERIDOS,VILLARICA-PALMIRA,CANDELARIA,JUEVES,2022-11-10,Entre semana,19:00:00
CHOQUE,DAÑOS,PUERTO TEJADA-PALMIRA,CANDELARIA,VIERNES,2022-11-11,Entre semana,08:00:00
CHOQUE,HERIDOS,CALI-CANDELARIA,POBLADO CAMPESTRE,DOMINGO,2022-11-20,Fin de semana,21:00:00
CHOQUE,HERIDOS,PUERTO TEJADA-PALMIRA,EL ARENAL,MIERCOLES,2022-11-23,Entre semana,17:00:00
ATROPELLO,HERIDOS,CALLE 13 CON CR 7,CANDELARIA,MIERCOLES,2022-11-23,Entre semana,09:00:00
CHOQUE,HERIDOS,CALI-CANDELARIA,JUANCHITO,MIERCOLES,2022-11-23,Entre semana,07:00:00
CHOQUE,HERIDOS,CANDELARIA-CALI,JUANCHITO,MIERCOLES,2022-11-28,Entre semana,07:00:00
CHOQUE,MUERTOS,CALI-CANDELARIA,JUANCHITO,VIERNES,2022-11-30,Entre semana,05:00:00
CHOQUE,HERIDOS,CALLE 3 CON CR 5,CANDELARIA,JUEVES,2022-12-01,Entre semana,12:00:00
CHOQUE,HERIDOS,VILLARICA-PALMIRA,CANDELARIA,VIERNES,2022-12-02,Entre semana,11:00:00
CHOQUE,HERIDOS,CALI-CANDELARIA,SAN JOAQUIN,SABADO,2022-12-03,Fin de semana,15:00:00
CHOQUE,DAÑOS,CALI-FLORIDA,CANDELARIA,DOMINGO,2022-12-04,Fin de semana,06:00:00
CHOQUE,DAÑOS,VILLARICA-PALMIRA,EL CABUYAL,DOMINGO,2022-12-04,Fin de semana,17:00:00
CHOQUE,HERIDOS,CALI-CANDELARIA,POBLADO CAMPESTRE,LUNES,2022-12-05,Entre semana,12:00:00
CHOQUE,HERIDOS,CALI-CANDELARIA,JUANCHITO,VIERNES,2022-12-09,Entre semana,08:00:00
CHOQUE,DAÑOS,CALI-CANDELARIA,VILLAGORGONA,LUNES,2022-12-12,Entre semana,08:00:00
CHOQUE,HERIDOS,CALI-CANDELARIA,EL CARMELO,MIERCOLES,2022-12-14,Entre semana,16:00:00
CHOQUE,HERIDOS,CALI-CANDELARIA,JUANCHITO,LUNES,2022-12-19,Entre semana,13:00:00
VOLCAMIENTO,HERIDOS,CALI-CANDELARIA,CANDELARIA,MIERCOLES,2022-12-21,Entre semana,08:00:00
CHOQUE,HERIDOS,CANDELARIA-CALI,POBLADO CAMPESTRE,DOMINGO,2022-12-25,Fin de semana,08:00:00
ATROPELLO,HERIDOS,PALMIRA-VILLARICA,EL ARENAL,DOMINGO,2023-01-01,Fin de semana,11:00:00
CHOQUE,HERIDOS,CARRERA 15 - CALLE 21,VILLAGORGONA,DOMINGO,2023-01-01,Fin de semana,18:00:00
CHOQUE,HERIDOS,CANDELARIA-CALI,JUANCHITO,DOMINGO,2023-01-01,Fin de semana,22:00:00
CHOQUE,HERIDOS,CALI-CANDELARIA,CANDELARIA,LUNES,2023-01-02,Entre semana,05:00:00
CHOQUE,HERIDOS,CALI-FLORIDA,CANDELARIA,LUNES,2023-01-02,Entre semana,07:00:00
CHOQUE,HERIDOS,CANDELARIA-CALI,JUANCHITO,MARTES,2023-01-03,Entre semana,07:00:00
CHOQUE,HERIDOS,CALLE 16 CR 16,VILLAGORGONA,VIERNES,2023-01-06,Entre semana,10:00:00
VOLCAMIENTO,HERIDOS,CANDELARIA-PRADERA,CANDELARIA,DOMINGO,2023-01-08,Fin de semana,08:00:00
CHOQUE,HERIDOS,CANDELARIA-CALI,JUANCHITO,DOMINGO,2023-01-15,Fin de semana,10:00:00
ATROPELLO,HERIDOS,CANDELARIA,CANDELARIA,MARTES,2023-01-17,Entre semana,07:00:00
CHOQUE,HERIDOS,CALLE 13 CALLE 18,EL CARMELO,VIERNES,2023-01-20,Entre semana,11:00:00
CHOQUE,HERIDOS,CANDELARIA,CANDELARIA,JUEVES,2023-01-26,Entre semana,09:00:00
CHOQUE,HERIDOS,CANDELARIA-PALMIRA,CANDELARIA,SABADO,2023-01-28,Fin de semana,05:00:00
CHOQUE,HERIDOS,CALI-CANDELARIA,VILLAGORGONA,DOMINGO,2023-01-29,Fin de semana,15:00:00
CHOQUE,HERIDOS,CANDELARIA,CANDELARIA,JUEVES,2023-02-02,Entre semana,20:00:00
CHOQUE,HERIDOS,CALI-CANDELARIA,EL CARMELO,VIERNES,2023-02-03,Entre semana,07:00:00
CHOQUE,HERIDOS,CALI-CANDELARIA,JUANCHITO,VIERNES,2023-02-03,Entre semana,15:00:00
CHOQUE,DAÑOS,PUERTOTEJADA-PALMIRA,CANDELARIA,VIERNES,2023-02-03,Entre semana,05:00:00
CHOQUE,HERIDOS,PUERTOTEJADA-PALMIRA,CANDELARIA,VIERNES,2023-02-03,Entre semana,05:00:00
VOLCAMIENTO,MUERTOS,CALI-CANDELARIA,JUANCHITO,DOMINGO,2023-02-05,Fin de semana,08:00:00
CHOQUE,HERIDOS,CALI-CANDELARIA,JUANCHITO,DOMINGO,2023-02-05,Fin de semana,21:00:00
CHOQUE,DAÑOS,VILLARICA-PALMIRA,EL LAURO,JUEVES,2023-02-09,Entre semana,14:00:00
CHOQUE,HERIDOS,VILLARICA-PALMIRA,EL LAURO,JUEVES,2023-02-09,Entre semana,15:00:00
CHOQUE,HERIDOS,VILLARICA-PALMIRA,CANDELARIA,DOMINGO,2023-02-12,Fin de semana,09:00:00
CHOQUE,HERIDOS,CALLE 16 CARRERA 42B,JUANCHITO,DOMINGO,2023-02-12,Fin de semana,20:00:00
VOLCAMIENTO,HERIDOS,CALI-CANDELARIA,EL CARMELO,MIERCOLES,2023-02-15,Entre semana,19:00:00
CHOQUE,HERIDOS,CANDELARIA-CALI,CANDELARIA,JUEVES,2023-02-16,Entre semana,09:00:00
CHOQUE,HERIDOS,CALI-CANDELARIA,JUANCHITO,VIERNES,2023-02-17,Entre semana,08:00:00
CHOQUE,HERIDOS,VILLARICA-PALMIRA,CANDELARIA,VIERNES,2023-02-24,Entre semana,12:00:00
CHOQUE,HERIDOS,CALI-CANDELARIA,CANDELARIA,SABADO,2023-02-25,Fin de semana,20:00:00
CHOQUE,HERIDOS,CALI-CANDELARIA,EL CARMELO,MARTES,2023-02-28,Entre semana,19:00:00
VOLCAMIENTO,MUERTOS,CALI-CANDELARIA,CANDELARIA,DOMINGO,2023-03-05,Fin de semana,12:00:00
CHOQUE,HERIDOS,CALI-CANDELARIA,JUANCHITO,DOMINGO,2023-03-05,Fin de semana,20:00:00
CHOQUE,HERIDOS,VILLARICA-PALMIRA,EL LAURO,JUEVES,2023-03-09,Entre semana,07:00:00
CHOQUE,HERIDOS,CARMELO - SAN JOAQUIN,SAN JOAQUIN,JUEVES,2023-03-09,Entre semana,15:00:00
CHOQUE,MUERTOS,VILLARICA-PALMIRA,EL CABUYAL,VIERNES,2023-03-10,Entre semana,23:00:00
CHOQUE,HERIDOS,CALI-CANDELARIA,EL CARMELO,VIERNES,2023-03-10,Entre semana,01:00:00
CHOQUE,HERIDOS,VILLARICA-PALMIRA,EL ARENAL,VIERNES,2023-03-24,Entre semana,16:00:00
VOLCAMIENTO,HERIDOS,VILLARICA-PALMIRA,PUEBLITO VIEJO,LUNES,2023-03-27,Entre semana,15:00:00
ATROPELLO,HERIDOS,"CR 37, CALLE 14",JUANCHITO,VIERNES,2023-03-31,Entre semana,07:00:00
CHOQUE,HERIDOS,CANDELARIA-CALI,JUANCHITO,MIERCOLES,2023-04-05,Entre semana,08:00:00
CHOQUE,HERIDOS,CANDELARIA,CANDELARIA,SABADO,2023-04-08,Fin de semana,12:00:00
CHOQUE,HERIDOS,CALI-CANDELARIA,EL CARMELO,DOMINGO,2023-04-09,Fin de semana,11:00:00
VOLCAMIENTO,MUERTOS,CALI-CANDELARIA,VILLAGORGONA,MIERCOLES,2023-04-12,Entre semana,20:00:00
CHOQUE,HERIDOS,CANDELARIA,CANDELARIA,VIERNES,2023-04-14,Entre semana,22:00:00
CHOQUE,HERIDOS,CANDELARIA,CANDELARIA,MARTES,2023-04-14,Entre semana,18:00:00
CHOQUE,HERIDOS,CANDELARIA-CALI,JUANCHITO,SABADO,2023-04-15,Fin de semana,11:00:00
CHOQUE,HERIDOS,CALI-CANDELARIA,VILLAGORGONA,DOMINGO,2023-04-16,Fin de semana,14:00:00
CHOQUE,HERIDOS,CALI-FLORIDA,LA REGINA,LUNES,2023-04-17,Entre semana,19:00:00
CHOQUE,MUERTOS,CALI-FLORIDA,CANDELARIA,SABADO,2023-04-22,Fin de semana,04:00:00
CHOQUE,HERIDOS,CANDELARIA,CANDELARIA,DOMINGO,2023-04-23,Fin de semana,17:00:00
CHOQUE,HERIDOS,CALI-CANDELARIA,VILLAGORGONA,MIERCOLES,2023-04-26,Entre semana,07:00:00
CHOQUE,HERIDOS,CALI-CANDELARIA,CANDELARIA,VIERNES,2023-04-28,Entre semana,22:00:00
VOLCAMIENTO,HERIDOS,SAN JOAQUIN - TIPLE,EL TIPLE,SABADO,2023-05-06,Fin de semana,15:00:00
VOLCAMIENTO,HERIDOS,CALI-CANDELARIA,JUANCHITO,LUNES,2023-05-08,Entre semana,07:00:00
CHOQUE,MUERTOS,CALI-CANDELARIA,EL CARMELO,LUNES,2023-05-08,Entre semana,10:00:00
CHOQUE,DAÑOS,CANDELARIA,CANDELARIA,JUEVES,2023-05-11,Entre semana,06:00:00
CHOQUE,DAÑOS,CR 37-CALLE 18,JUANCHITO,JUEVES,2023-05-11,Entre semana,09:00:00
CHOQUE,HERIDOS,CALI-CANDELARIA,JUANCHITO,LUNES,2023-05-15,Entre semana,12:00:00
CHOQUE,HERIDOS,CANDELARIA-CALI,EL CARMELO,MIERCOLES,2023-11-17,Entre semana,17:00:00
CHOQUE,HERIDOS,CANDELARIA-CALI,EL CARMELO,SABADO,2023-05-20,Fin de semana,23:00:00
CAIDA OCUPANTE,HERIDOS,CALI-CANDELARIA,EL CARMELO,SABADO,2023-05-20,Fin de semana,04:00:00
CHOQUE,HERIDOS,PUERTOTEJADA-PALMIRA,EL CABUYAL,LUNES,2023-05-22,Entre semana,15:00:00
CHOQUE,HERIDOS,CANDELARIA-CALI,JUANCHITO,MARTES,2023-05-23,Entre semana,06:00:00
CHOQUE,DAÑOS,CALI-CANDELARIA,VILLAGORGONA,MARTES,2023-05-23,Entre semana,15:00:00
CHOQUE,HERIDOS,CALI-CANDELARIA,EL CARMELO,MIERCOLES,2023-05-24,Entre semana,18:00:00
CHOQUE,HERIDOS,EL CARMELO,EL CARMELO,DOMINGO,2023-05-28,Fin de semana,10:00:00
CHOQUE,HERIDOS,PUERTOTEJADA-PALMIRA,EL CABUYAL,DOMINGO,2023-05-28,Fin de semana,12:00:00
CHOQUE,HERIDOS,CANDELARIA-CALI,EL CARMELO,JUEVES,2023-06-01,Entre semana,00:00:00
CHOQUE,HERIDOS,CALI-CANDELARIA,JUANCHITO,SABADO,2023-06-03,Fin de semana,06:00:00
CHOQUE,HERIDOS,POBLADO CAMPESTRE,JUANCHITO,LUNES,2023-06-05,Entre semana,17:00:00
CHOQUE,HERIDOS,CALI-CANDELARIA,CANDELARIA,MARTES,2023-06-07,Entre semana,18:00:00
CHOQUE,DAÑOS,CALI-CANDELARIA,JUANCHITO,JUEVES,2023-06-09,Entre semana,12:00:00
CHOQUE,HERIDOS,CANDELARIA-CALI,JUANCHITO,SABADO,2023-06-11,Fin de semana,13:00:00
VOLCAMIENTO,DAÑOS,CALI-CANDELARIA,CANDELARIA,DOMINGO,2023-06-12,Fin de semana,06:00:00
CHOQUE,HERIDOS,CALI-CANDELARIA,VILLAGORGONA,JUEVES,2023-06-15,Entre semana,12:00:00
CHOQUE,HERIDOS,CANDELARIA-CALI,JUANCHITO,SABADO,2023-06-17,Fin de semana,20:00:00
CHOQUE,MUERTOS,CALI-FLORIDA,CANDELARIA,LUNES,2023-06-19,Entre semana,19:00:00
CAIDA OCUPANTE,HERIDOS,CR 37 CALLE 14F,JUANCHITO,MARTES,2023-06-27,Entre semana,08:00:00
ATROPELLO,MUERTOS,CALI-CANDELARIA,JUANCHITO,MIERCOLES,2023-06-28,Entre semana,05:00:00
CHOQUE,HERIDOS,VILLARICA-PALMIRA,CANDELARIA,SABADO,2023-07-01,Fin de semana,14:00:00
VOLCAMIENTO,HERIDOS,CALI-CANDELARIA,JUANCHITO,DOMINGO,2023-07-02,Fin de semana,03:00:00
CHOQUE,HERIDOS,CR 37 CON CALLE 15 D,JUANCHITO,DOMINGO,2023-07-02,Fin de semana,18:00:00
CHOQUE,DAÑOS,CALI-CANDELARIA,VILLAGORGONA,MIERCOLES,2023-07-05,Entre semana,15:00:00
CHOQUE,HERIDOS,CANDELARIA-CALI,JUANCHITO,DOMINGO,2023-07-09,Fin de semana,09:00:00
CHOQUE,HERIDOS,CALI-CANDELARIA,JUANCHITO,VIERNES,2023-07-14,Entre semana,06:00:00
CHOQUE,HERIDOS,PALMIRA-VILLARICA,CANDELARIA,VIERNES,2023-07-14,Entre semana,15:00:00
CHOQUE,MUERTOS,CALI-CANDELARIA,EL CARMELO,DOMINGO,2023-07-16,Fin de semana,22:00:00
CHOQUE,HERIDOS,CANDELARIA-PRADERA,CANDELARIA,LUNES,2023-07-17,Entre semana,12:00:00
CAIDA OCUPANTE,HERIDOS,CALI-CANDELARIA,EL CARMELO,DOMINGO,2023-07-16,Fin de semana,14:00:00
CHOQUE,HERIDOS,POBLADO CAMPESTRE,JUANCHITO,DOMINGO,2022-07-23,Fin de semana,19:00:00
CHOQUE,HERIDOS,FLORIDA-CALI,CANDELARIA,MIERCOLES,2023-07-19,Entre semana,10:00:00
ATROPELLO,HERIDOS,CALI-CANDELARIA,JUANCHITO,MIERCOLES,2023-07-26,Entre semana,07:00:00
CHOQUE,HERIDOS,CALI-CANDELARIA,CANDELARIA,JUEVES,2023-07-29,Entre semana,17:00:00
CHOQUE,HERIDOS,CALLE 12 CON CR 45,JUANCHITO,DOMINGO,2023-07-30,Fin de semana,22:00:00
CHOQUE,HERIDOS,VILLARICA-PALMIRA,CANDELARIA,MIERCOLES,2023-08-02,Entre semana,17:00:00
CHOQUE,MUERTOS,VILLARICA-PALMIRA,EL ARENAL,VIERNES,2023-08-04,Entre semana,18:00:00
CHOQUE,HERIDOS,CALI-CANDELARIA,JUANCHITO,DOMINGO,2023-08-06,Fin de semana,20:00:00
CHOQUE,DAÑOS,CALI-CANDELARIA,VILLAGORGONA,MIERCOLES,2023-08-09,Entre semana,16:00:00
CHOQUE,MUERTOS,CALI-CANDELARIA,VILLAGORGONA,JUEVES,2023-08-10,Entre semana,14:00:00
CHOQUE,HERIDOS,VILLARICA-PALMIRA,EL ARENAL,SABADO,2023-08-12,Fin de semana,18:00:00
CHOQUE,MUERTOS,PUERTOTEJADA-PALMIRA,EL LAURO,LUNES,2023-08-14,Entre semana,06:00:00
CHOQUE,HERIDOS,CALI-CANDELARIA,JUANCHITO,MARTES,2023-08-15,Entre semana,07:00:00
CHOQUE,HERIDOS,CALI-CANDELARIA,JUANCHITO,VIERNES,2023-08-18,Entre semana,18:00:00
ATROPELLO,MUERTOS,VILLARICA-PALMIRA,EL ARENAL,DOMINGO,2023-08-20,Fin de semana,19:00:00
CHOQUE,HERIDOS,CALI-CANDELARIA,JUANCHITO,JUEVES,2023-08-24,Entre semana,02:00:00
CHOQUE,HERIDOS,CARRERA 12 CON CALLE 13,CANDELARIA,MARTES,2023-08-29,Entre semana,12:00:00
CHOQUE,HERIDOS,CANDELARIA-CALI,JUANCHITO,VIERNES,2023-09-01,Entre semana,13:00:00
CHOQUE,HERIDOS,CARRERA 36 CON CALLE 16C,JUANCHITO,DOMINGO,2023-09-03,Fin de semana,14:00:00
CHOQUE,HERIDOS,CALI-FLORIDA,CANDELARIA,MIERCOLES,2023-09-06,Entre semana,12:00:00
CHOQUE,HERIDOS,CALI-CANDELARIA,VILLAGORGONA,VIERNES,2023-09-08,Entre semana,20:00:00
CHOQUE,HERIDOS,CARRERA 10,VILLAGORGONA,MIERCOLES,2023-09-13,Entre semana,12:00:00
ATROPELLO,HERIDOS,CALI-FLORIDA,CANDELARIA,VIERNES,2023-09-15,Entre semana,06:00:00
CHOQUE,MUERTOS,CALI-FLORIDA,CANDELARIA,SABADO,2023-09-16,Fin de semana,05:00:00
CHOQUE,HERIDOS,CALI-CANDELARIA,JUANCHITO,SABADO,2023-09-16,Fin de semana,21:00:00
CHOQUE,HERIDOS,CALI-FLORIDA,LA REGINA,VIERNES,2023-09-15,Entre semana,16:50:00
CHOQUE,HERIDOS,CALI-CANDELARIA,VILLAGORGONA,MIERCOLES,2023-09-20,Entre semana,17:00:00
CHOQUE,HERIDOS,CANDELARIA,CANDELARIA,LUNES,2023-09-25,Entre semana,16:00:00
CHOQUE,HERIDOS,CANDELARIA-PALMIRA,CANDELARIA,LUNES,2023-09-25,Entre semana,06:00:00
ATROPELLO,HERIDOS,VILLARICA-PALMIRA,CANDELARIA,JUEVES,2023-09-28,Entre semana,05:00:00
CHOQUE,HERIDOS,EL CARMELO,EL CARMELO,DOMINGO,2023-10-01,Fin de semana,02:00:00
CHOQUE,DAÑOS,CALI-CANDELARIA,JUANCHITO,DOMINGO,2023-10-01,Fin de semana,03:00:00
VOLCAMIENTO,HERIDOS,CANDELARIA-CALI,JUANCHITO,LUNES,2023-10-02,Entre semana,13:00:00
CHOQUE,HERIDOS,CANDELARIA-CALI,JUANCHITO,JUEVES,2023-10-05,Entre semana,05:00:00
CHOQUE,DAÑOS,VILLARICA-PALMIRA,EL LAURO,DOMINGO,2023-10-08,Fin de semana,18:00:00
CHOQUE,HERIDOS,CANDELARIA-CALI,CANDELARIA,LUNES,2023-10-09,Entre semana,09:15:00
CHOQUE,HERIDOS,PALMIRA-VILLARICA,EL LAURO,MARTES,2023-10-10,Entre semana,12:00:00
CHOQUE,HERIDOS,CALI-CANDELARIA,CANDELARIA,MARTES,2023-10-10,Entre semana,17:00:00
CHOQUE,HERIDOS,CALI-CANDELARIA,JUANCHITO,MIERCOLES,2023-10-11,Entre semana,21:00:00
CHOQUE,HERIDOS,CALI-CANDELARIA,JUANCHITO,VIERNES,2023-10-13,Entre semana,06:00:00
CHOQUE,HERIDOS,CANDELARIA-CALI,VILLAGORGONA,DOMINGO,2023-10-15,Fin de semana,09:00:00
VOLCAMIENTO,MUERTOS,CANDELARIA-PRADERA,CANDELARIA,DOMINGO,2023-10-15,Fin de semana,09:00:00
CHOQUE,MUERTOS,EL CARMELO - TIPLE,EL CARMELO,DOMINGO,2023-10-15,Fin de semana,14:00:00
VOLCAMIENTO,MUERTOS,VILLARICA-PALMIRA,CANDELARIA,MARTES,2023-10-17,Entre semana,02:00:00
CHOQUE,HERIDOS,CANDELARIA-CALI,VILLAGORGONA,MIERCOLES,2023-10-18,Entre semana,08:00:00
CHOQUE,HERIDOS,CANDELARIA-CALI,JUANCHITO,DOMINGO,2023-10-22,Fin de semana,13:00:00
CHOQUE,HERIDOS,VILLARICA-PALMIRA,EL CABUYAL,DOMINGO,2023-10-22,Fin de semana,19:00:00
CHOQUE,HERIDOS,CARRERA 35D CON CALLE 14,JUANCHITO,DOMINGO,2023-10-22,Fin de semana,18:00:00
VOLCAMIENTO,MUERTOS,PALMIRA-VILLARICA,EL LAURO,MIERCOLES,2023-10-25,Entre semana,17:00:00
CHOQUE,MUERTOS,PALMIRA-VILLARICA,LA ARGENTINA,VIERNES,2023-10-27,Entre semana,05:00:00
CHOQUE,HERIDOS,CANDELARIA-CALI,JUANCHITO,VIERNES,2023-10-27,Entre semana,18:00:00
VOLCAMIENTO,MUERTOS,CANDELARIA,LA REGINA,LUNES,2023-10-30,Entre semana,09:00:00
CHOQUE,HERIDOS,CANDELARIA-CALI,JUANCHITO,MARTES,2023-10-31,Entre semana,14:00:00
CHOQUE,HERIDOS,CALI-CANDELARIA,JUANCHITO,MIERCOLES,2023-11-01,Entre semana,16:00:00
CHOQUE,MUERTOS,PALMIRA-VILLARICA,EL CABUYAL,JUEVES,2023-11-02,Entre semana,14:00:00
Desconocido,MUERTOS,VILLARICA-PALMIRA,CANDELARIA,JUEVES,2023-11-02,Entre semana,17:00:00
CHOQUE,MUERTOS,CARRERA 37 CALLE 16,JUANCHITO,DOMINGO,2023-11-05,Fin de semana,23:00:00
CHOQUE,HERIDOS,VILLARICA-PALMIRA,CANDELARIA,MARTES,2023-11-07,Entre semana,18:00:00
CHOQUE,HERIDOS,CALI-CANDELARIA,JUANCHITO,LUNES,2023-11-27,Entre semana,18:00:00
CHOQUE,HERIDOS,VILLARICA-PALMIRA,EL CABUYAL,VIERNES,2023-11-10,Entre semana,13:00:00
CHOQUE,DAÑOS,CALI-CANDELARIA,JUANCHITO,SABADO,2023-11-18,Fin de semana,04:00:00
ATROPELLO,HERIDOS,CANDELARIA-CALI,EL CARMELO,SABADO,2023-11-18,Fin de semana,19:00:00
CHOQUE,HERIDOS,CALI-CANDELARIA,EL CARMELO,LUNES,2024-07-01,Entre semana,17:00:00
CHOQUE,HERIDOS,CALI-CANDELARIA,VILLAGORGONA,DOMINGO,2023-11-26,Fin de semana,10:00:00
CHOQUE,HERIDOS,CALI-CANDELARIA,JUANCHITO,SABADO,2023-11-25,Fin de semana,19:00:00
CHOQUE,MUERTOS,VILLARICA-PALMIRA,EL CABUYAL,DOMINGO,2023-11-26,Fin de semana,18:00:00
CHOQUE,HERIDOS,CR 30 OESTE CALLE 11,JUANCHITO,VIERNES,2023-12-02,Entre semana,17:00:00
CHOQUE,HERIDOS,CALI-CANDELARIA,JUANCHITO,LUNES,2023-12-05,Entre semana,08:00:00
CHOQUE,HERIDOS,CALI-CANDELARIA,JUANCHITO,JUEVES,2023-12-07,Entre semana,00:00:00
CHOQUE,HERIDOS,VILLARICA-PALMIRA,EL CABUYAL,VIERNES,2023-12-08,Entre semana,03:00:00
VOLCAMIENTO,HERIDOS,PALMIRA - VILLARICA,CANDELARIA,SABADO,2023-12-09,Fin de semana,06:00:00
CHOQUE,HERIDOS,CALI-CANDELARIA,JUANCHITO,LUNES,2023-12-11,Entre semana,13:00:00
CHOQUE,HERIDOS,CALI-CANDELARIA,JUANCHITO,LUNES,2023-12-11,Entre semana,16:00:00
VOLCAMIENTO,DAÑOS,PALMIRA-VILLARICA,CANDELARIA,MARTES,2023-12-12,Entre semana,23:00:00
CHOQUE,HERIDOS,VILLARICA-PALMIRA,EL CABUYAL,VIERNES,2023-12-15,Entre semana,15:00:00
VOLCAMIENTO,DAÑOS,CALLE 11 CON CR 4,CANDELARIA,VIERNES,2023-12-15,Entre semana,19:00:00
CHOQUE,HERIDOS,CALI-CANDELARIA,JUANCHITO,SABADO,2023-12-16,Fin de semana,03:00:00
CHOQUE,HERIDOS,VILLAGORGONA,VILLAGORGONA,MIERCOLES,2023-12-20,Entre semana,22:00:00
CHOQUE,MUERTOS,VILLARICA-PALMIRA,EL LAURO,JUEVES,2023-12-21,Entre semana,12:00:00
CHOQUE,HERIDOS,CALI-CANDELARIA,JUANCHITO,JUEVES,2023-12-21,Entre semana,10:00:00
ATROPELLO,HERIDOS,CANDELARIA,CANDELARIA,JUEVES,2023-12-21,Entre semana,19:00:00
CHOQUE,HERIDOS,CALI-FLORIDA,CANDELARIA,LUNES,2023-12-25,Entre semana,01:00:00
CHOQUE,HERIDOS,PALMIRA-VILLARICA,EL ARENAL,LUNES,2023-12-29,Entre semana,02:00:00
CHOQUE,HERIDOS,CALI-FLORIDA,LA COLOMBIANA,MARTES,2024-01-02,Entre semana,11:00:00
CHOQUE,HERIDOS,CALI-CANDELARIA,POBLADO CAMPESTRE,MARTES,2024-01-02,Entre semana,20:00:00
CHOQUE,HERIDOS,CALI-PRADERA,ING. MAYAGUEZ,MIERCOLES,2024-01-01,Entre semana,05:00:00
CHOQUE,MUERTOS,PALMIRA-VILLARICA,PARRAGA,SABADO,2024-01-06,Fin de semana,02:00:00
CHOQUE,HERIDOS,CR 14 CON CALLE 20,VILLAGORGONA,SABADO,2024-01-06,Fin de semana,16:00:00
CHOQUE,HERIDOS,CALI-FLORIDA,EL CRUCERO,DOMINGO,2024-01-07,Fin de semana,01:00:00
CHOQUE,MUERTOS,CALI-CANDELARIA,EL ARENAL,LUNES,2024-01-08,Entre semana,05:00:00
CHOQUE,HERIDOS,VILLARICA-PALMIRA,EL LAURO,MIERCOLES,2024-01-10,Entre semana,10:00:00
CHOQUE,MUERTOS,VILLARICA-PALMIRA,EL UVAL,MIERCOLES,2024-01-10,Entre semana,15:00:00
VOLCAMIENTO,HERIDOS,EL CARMELO,EL CARMELO,DOMINGO,2024-01-14,Fin de semana,00:00:00
CHOQUE,HERIDOS,CANDELARIA-CALI,POBLADO CAMPESTRE,LUNES,2024-01-15,Entre semana,05:00:00
CHOQUE,HERIDOS,VILLARICA-PALMIRA,EL ARENAL,JUEVES,2024-01-18,Entre semana,05:00:00
CHOQUE,HERIDOS,PALMIRA-VILLARICA,EL CABUYAL,SABADO,2024-01-20,Fin de semana,18:00:00
CHOQUE,HERIDOS,FLORIDA-CALI,EL CRUCERO,DOMINGO,2024-01-28,Fin de semana,13:00:00
CHOQUE,HERIDOS,CALI-CANDELARIA,EL CRUCERO,DOMINGO,2024-01-28,Fin de semana,19:00:00
VOLCAMIENTO,DAÑOS,VILLARICA-PALMIRA,EL UVAL,MARTES,2024-01-16,Entre semana,01:00:00
CHOQUE,MUERTOS,PALMIRA-VILLARICA,EL CABUYAL,MARTES,2024-01-30,Entre semana,13:00:00
CHOQUE,HERIDOS,CALI-CANDELARIA,JUANCHITO,DOMINGO,2024-02-04,Fin de semana,20:00:00
CHOQUE,HERIDOS,PALMIRA-VILLARICA,EL CABUYAL,MARTES,2024-02-06,Entre semana,05:00:00
CHOQUE,HERIDOS,VILLAGORGONA,VILLAGORGONA,JUEVES,2024-02-08,Entre semana,17:30:00
CHOQUE,HERIDOS,CR 37 CON CALLE 22,POBLADO CAMPESTRE,DOMINGO,2024-02-11,Fin de semana,12:00:00
CHOQUE,HERIDOS,POBLADO CAMPESTRE,POBLADO CAMPESTRE,DOMINGO,2024-02-11,Fin de semana,20:00:00
CHOQUE,HERIDOS,PALMIRA-VILLARICA,PARRAGA,DOMINGO,2024-02-11,Fin de semana,20:00:00
CHOQUE,HERIDOS,CALI-FLORIDA,LA ALIANZA,MARTES,2024-02-13,Entre semana,13:00:00
ATROPELLO,HERIDOS,CANDELARIA-CALI,EL CARMELO,JUEVES,2024-02-15,Entre semana,12:00:00
CHOQUE,HERIDOS,CANDELARIA-CALI,JUANCHITO,VIERNES,2024-02-16,Entre semana,16:00:00
CHOQUE,HERIDOS,VILLAGORGONA,VILLAGORGONA,DOMINGO,2024-02-18,Fin de semana,08:00:00
CHOQUE,DAÑOS,CALLE 94,JUANCHITO,LUNES,2024-02-19,Entre semana,17:00:00
CHOQUE,HERIDOS,CALI-CANDELARIA,DOMINGO LARGO,MARTES,2024-02-20,Entre semana,06:00:00
OTRO,HERIDOS,CALI-CANDELARIA,EL CARMELO,JUEVES,2024-02-22,Entre semana,08:00:00
CHOQUE,HERIDOS,CABECERA-CANDELARIA,CABECERA-CANDELARIA,SABADO,2024-02-24,Fin de semana,23:00:00
CHOQUE,HERIDOS,CALI-CANDELARIA,POBLADO CAMPESTRE,LUNES,2024-02-26,Entre semana,08:00:00
CHOQUE,HERIDOS,CABECERA-CANDELARIA,CABECERA-CANDELARIA,MARTES,2024-02-27,Entre semana,12:00:00
CHOQUE,MUERTOS,PUERTO TEJADA - CANDELARIA,EL CABUYAL,MIERCOLES,2024-02-28,Entre semana,07:00:00
CHOQUE,HERIDOS,CANDELARIA-CALI,JUANCHITO,MIERCOLES,2024-03-06,Entre semana,06:00:00
CHOQUE,HERIDOS,CABECERA-CANDELARIA,CABECERA-CANDELARIA,DOMINGO,2024-03-10,Fin de semana,07:00:00
CHOQUE,HERIDOS,CALI-CANDELARIA,JUANCHITO,LUNES,2024-03-11,Entre semana,17:00:00
CHOQUE,HERIDOS,CALI-CANDELARIA,JUANCHITO,MARTES,2024-03-12,Entre semana,18:00:00
CHOQUE,HERIDOS,CANDELARIA-PALMIRA,EL LAURO,MARTES,2024-03-12,Entre semana,19:00:00
CHOQUE,DAÑOS,CALI-CANDELARIA,EL CARMELO,MIERCOLES,2024-03-13,Entre semana,04:00:00
ATROPELLO,HERIDOS,CALLE 14 - MANZANARES,POBLADO CAMPESTRE,JUEVES,2024-03-14,Entre semana,06:00:00
CHOQUE,HERIDOS,VILLARICA-PALMIRA,EL CABUYAL,JUEVES,2024-03-14,Entre semana,12:00:00
CHOQUE,HERIDOS,PALMIRA-VILLARICA,EL LAURO,JUEVES,2024-03-14,Entre semana,18:00:00
CHOQUE,HERIDOS,CANDELARIA-CALI,DOMINGO LARGO,JUEVES,2024-03-14,Entre semana,22:00:00
ATROPELLO,HERIDOS,CALLE 20 ENTRE CR 35C Y 36,POBLADO CAMPESTRE,VIERNES,2024-03-15,Entre semana,14:00:00
CHOQUE,MUERTOS,CANDELARIA-CALI,EL CARMELO,LUNES,2024-03-25,Entre semana,02:00:00
CHOQUE,HERIDOS,CANDELARIA-CALI,EL CARMELO,DOMINGO,2024-03-17,Fin de semana,07:00:00
CHOQUE,HERIDOS,CALI-CANDELARIA,EL CARMELO,LUNES,2024-03-18,Entre semana,15:00:00
CHOQUE,HERIDOS,PUERTO TEJADA - PALMIRA,PROVENZA,MIERCOLES,2024-03-20,Entre semana,18:00:00
CHOQUE,HERIDOS,CALI-CANDELARIA,EL CRUCERO,VIERNES,2024-03-22,Entre semana,15:00:00
CHOQUE,MUERTOS,CANDELARIA-CALI,JUANCHITO,DOMINGO,2024-03-24,Fin de semana,21:00:00
CHOQUE,MUERTOS,CALI-CANDELARIA,VILLAGORGONA,LUNES,2024-03-25,Entre semana,15:00:00
CHOQUE,HERIDOS,CALI-FLORIDA,EL CRUCERO,DOMINGO,2024-03-30,Fin de semana,18:00:00
CHOQUE,HERIDOS,CANDELARIA-CALI,EL CARMELO,LUNES,2024-04-01,Entre semana,06:00:00
CHOQUE,HERIDOS,CANDELARIA-CALI,VILLAGORGONA,LUNES,2024-04-01,Entre semana,16:00:00
CHOQUE,MUERTOS,CANDELARIA-CALI,EL CRUCERO,MARTES,2024-04-09,Entre semana,05:00:00
ATROPELLO,HERIDOS,VILLARICA-PALMIRA,EL CABUYAL,SABADO,2024-04-13,Fin de semana,06:00:00
CHOQUE,MUERTOS,CANDELARIA-CALI,SAN JUAN,SABADO,2024-04-13,Fin de semana,06:00:00
CHOQUE,HERIDOS,VILLARICA-PALMIRA,ZAINERAS,MIERCOLES,2024-04-10,Entre semana,19:00:00
CHOQUE,HERIDOS,PALMIRA-VILLARICA,EL ARENAL,MIERCOLES,2024-04-17,Entre semana,05:00:00
CHOQUE,HERIDOS,PALMIRA-VILLARICA,EL CABUYAL,MIERCOLES,2024-04-17,Entre semana,07:00:00
ATROPELLO,MUERTOS,CALI-CANDELARIA,EL CARMELO,SABADO,2024-04-20,Fin de semana,20:00:00
CHOQUE,HERIDOS,CALI-CANDELARIA,POBLADO CAMPESTRE,JUEVES,2024-04-25,Entre semana,11:00:00
CHOQUE,MUERTOS,VILLARICA-PALMIRA,EL ARENAL,DOMINGO,2024-04-28,Fin de semana,13:00:00
ATROPELLO,HERIDOS,VILLAGORGONA-BUCHITOLO,VILLAGORGONA,LUNES,2024-04-29,Entre semana,00:00:00
CHOQUE,HERIDOS,CANDELARIA-CALI,DOMINGO LARGO,MARTES,2024-04-30,Entre semana,14:00:00
CHOQUE,HERIDOS,CALI-CANDELARIA,JUANCHITO,VIERNES,2024-05-03,Entre semana,06:00:00
CHOQUE,HERIDOS,CANDELARIA-PALMIRA,CANDELARIA,VIERNES,2024-05-03,Entre semana,17:00:00
CHOQUE,MUERTOS,SAN JOAQUIN - EL TIPLE,EL CARMELO,LUNES,2024-05-06,Entre semana,14:00:00
CHOQUE,HERIDOS,PALMIRA-VILLARICA,PROVENZA,MARTES,2024-05-07,Entre semana,17:00:00
CHOQUE,HERIDOS,CALI-CANDELARIA,EL CRUCERO,JUEVES,2024-05-09,Entre semana,21:00:00
CHOQUE,DAÑOS,CANDELARIA-CALI,JUANCHITO,VIERNES,2024-05-10,Entre semana,17:00:00
CHOQUE,HERIDOS,CANDELARIA-CALI,EL CARMELO,JUEVES,2024-05-16,Entre semana,08:00:00
CHOQUE,HERIDOS,CALI-CANDELARIA,POBLADO CAMPESTRE,MARTES,2024-05-14,Entre semana,11:00:00
CHOQUE,MUERTOS,VILLARICA-PALMIRA,EL LAURO,MARTES,2024-05-14,Entre semana,21:00:00
CHOQUE,HERIDOS,VILLAGORGONA,VILLAGORGONA,JUEVES,2024-05-16,Entre semana,17:00:00
CHOQUE,HERIDOS,PALMIRA-VILLARICA,TURIN,VIERNES,2024-05-17,Entre semana,20:00:00
CHOQUE,HERIDOS,CALI-FLORIDA,LA COLOMBIANA,SABADO,2024-05-25,Fin de semana,22:00:00
CHOQUE,HERIDOS,VILLAGORGONA,VILLAGORGONA,DOMINGO,2024-05-26,Fin de semana,10:00:00
ATROPELLO,HERIDOS,CANDELARIA-CALI,VILLAGORGONA,SABADO,2024-05-25,Fin de semana,01:00:00
CHOQUE,DAÑOS,CANDELARIA-CALI,DOMINGO LARGO,MARTES,2024-05-28,Entre semana,07:00:00
ATROPELLO,HERIDOS,ESTACION DE POLICIA GORGONA,VILLAGORGONA,VIERNES,2024-05-31,Entre semana,16:00:00
CHOQUE,HERIDOS,CALI-CANDELARIA,JUANCHITO,SABADO,2024-05-18,Fin de semana,19:00:00
CHOQUE,HERIDOS,CALI-CANDELARIA,EL CARMELO,DOMINGO,2024-05-19,Fin de semana,04:00:00
CHOQUE,HERIDOS,CALLE 23 CR 12,POBLADO CAMPESTRE,MARTES,2024-05-07,Entre semana,15:00:00
CHOQUE,MUERTOS,CANDELARIA-PALMIRA,PROVENZA,MARTES,2024-06-04,Entre semana,14:00:00
CHOQUE,HERIDOS,CABECERA-CANDELARIA,CABECERA-CANDELARIA,JUEVES,2024-06-06,Entre semana,15:00:00
CHOQUE,HERIDOS,PUERTOTEJADA-CANDELARIA,EL TRIUNFO,JUEVES,2024-06-20,Entre semana,06:00:00
CHOQUE,HERIDOS,CALI-CANDELARIA,EL CRUCERO,VIERNES,2024-06-14,Entre semana,04:00:00
ATROPELLO,MUERTOS,VILLARICA-PALMIRA,PARRAGA,MARTES,2024-06-11,Entre semana,18:00:00
CHOQUE,HERIDOS,CANDELARIA-CALI,EL CARMELO,MIERCOLES,2024-06-12,Entre semana,09:00:00
CHOQUE,HERIDOS,CALI-CANDELARIA,VILLAGORGONA,DOMINGO,2024-06-16,Fin de semana,20:00:00
CHOQUE,DAÑOS,VILLARICA-PALMIRA,CANDELARIA,MIERCOLES,2024-06-19,Entre semana,14:00:00
CHOQUE,HERIDOS,CALI-CANDELARIA,JUANCHITO,DOMINGO,2024-06-23,Fin de semana,14:00:00
CHOQUE,HERIDOS,CALI-CANDELARIA,JUANCHITO,SABADO,2024-06-22,Fin de semana,23:00:00
CHOQUE,HERIDOS,FLORIDA-CALI,EL CRUCERO,VIERNES,2024-06-28,Entre semana,17:00:00
CHOQUE,DAÑOS,SAN JOAQUIN - EL TIPLE,EL TIPLE,MIERCOLES,2024-06-26,Entre semana,08:00:00
VOLCAMIENTO,HERIDOS,LA COLOMBIANA,LA COLOMBIANA,DOMINGO,2024-06-30,Fin de semana,02:00:00
CHOQUE,HERIDOS,VILLARICA-PALMIRA,EL LAURO,MARTES,2024-07-02,Entre semana,05:00:00
CHOQUE,HERIDOS,CALI-CANDELARIA,JUANCHITO,MARTES,2024-07-02,Entre semana,07:00:00
CHOQUE,HERIDOS,CALI-CANDELARIA,EL CRUCERO,MIERCOLES,2024-07-03,Entre semana,19:00:00
CHOQUE,HERIDOS,CR 14 CALLE 21,VILLAGORGONA,SABADO,2024-07-06,Fin de semana,14:00:00
CHOQUE,HERIDOS,VILLARICA-PALMIRA,CABECERA-CANDELARIA,DOMINGO,2024-07-07,Fin de semana,05:00:00
CHOQUE,MUERTOS,CALI-CANDELARIA,JUANCHITO,LUNES,2024-07-08,Entre semana,12:00:00
CHOQUE,HERIDOS,CALI-FLORIDA,LA REGINA,SABADO,2024-07-20,Fin de semana,20:00:00
ATROPELLO,HERIDOS,CANDELARIA-CALI,JUANCHITO,SABADO,2024-07-13,Fin de semana,14:00:00
CHOQUE,HERIDOS,CALI-CANDELARIA,JUANCHITO,SABADO,2024-07-13,Fin de semana,22:00:00
CHOQUE,HERIDOS,CALI-CANDELARIA,EL CARMELO,LUNES,2024-07-15,Entre semana,12:00:00
CHOQUE,MUERTOS,CALI-CANDELARIA,EL CARMELO,DOMINGO,2024-07-21,Fin de semana,22:00:00
CHOQUE,HERIDOS,CABECERA-CANDELARIA,CABECERA-CANDELARIA,MARTES,2024-07-23,Entre semana,15:00:00
CHOQUE,HERIDOS,CABECERA-CANDELARIA,CABECERA-CANDELARIA,SABADO,2024-07-27,Fin de semana,00:00:00
CHOQUE,MUERTOS,CALI-FLORIDA,CANDELARIA,SABADO,2024-07-31,Fin de semana,00:00:00
ATROPELLO,HERIDOS,CARRERA 10 CALLE 14,VILLAGORGONA,JUEVES,2024-08-01,Entre semana,09:00:00
CHOQUE,MUERTOS,CALI-FLORIDA,LA REGINA,VIERNES,2024-08-02,Entre semana,17:00:00
CHOQUE,HERIDOS,CALI-FLORIDA,LA REGINA,SABADO,2024-08-03,Fin de semana,04:00:00
VOLCAMIENTO,MUERTOS,CANDELARIA-CALI,VILLAGORGONA,MIERCOLES,2024-08-07,Entre semana,17:00:00
CHOQUE,HERIDOS,PALMIRA-VILLARICA,CABECERA-CANDELARIA,MIERCOLES,2024-08-14,Entre semana,14:00:00
CHOQUE,HERIDOS,CALLE 16 CR 2,VILLAGORGONA,VIERNES,2024-08-16,Entre semana,16:00:00
CHOQUE,HERIDOS,CALI-CANDELARIA,JUANCHITO,MARTES,2024-08-20,Entre semana,18:00:00
CHOQUE,HERIDOS,CALI-CANDELARIA,VILLAGORGONA,MIERCOLES,2024-08-21,Entre semana,06:00:00
CHOQUE,HERIDOS,CANDELARIA-CALI,JUANCHITO,MIERCOLES,2024-08-21,Entre semana,07:00:00
CHOQUE,HERIDOS,CANDELARIA-CALI,JUANCHITO,DOMINGO,2024-08-25,Fin de semana,03:00:00
ATROPELLO,HERIDOS,CARRERA 6 CALLE 8-81,CABECERA-CANDELARIA,LUNES,2024-08-26,Entre semana,19:00:00
CHOQUE,HERIDOS,CR 12 CALLE 5,CABECERA-CANDELARIA,MARTES,2024-08-27,Entre semana,00:00:00
CHOQUE,HERIDOS,CALI-CANDELARIA,POBLADO CAMPESTRE,MIERCOLES,2024-08-28,Entre semana,00:00:00
CHOQUE,HERIDOS,FLORIDA-CALI,EL CARMELO,MIERCOLES,2024-08-28,Entre semana,00:00:00
CHOQUE,MUERTOS,CANDELARIA-CALI,EL CARMELO,VIERNES,2024-08-30,Entre semana,15:00:00
VOLCAMIENTO,HERIDOS,FLORIDA-CALI,EL CRUCERO,SABADO,2024-08-31,Fin de semana,01:00:00
ATROPELLO,HERIDOS,CANDELARIA-CALI,VILLAGORGONA,DOMINGO,2024-09-01,Fin de semana,03:00:00
CHOQUE,HERIDOS,CANDELARIA-CALI,JUANCHITO,MIERCOLES,2024-09-04,Entre semana,09:00:00
CHOQUE,HERIDOS,CALI-CANDELARIA,JUANCHITO,VIERNES,2024-09-13,Entre semana,18:00:00
CHOQUE,MUERTOS,CANDELARIA-CALI,VILLAGORGONA,MARTES,2024-09-17,Entre semana,03:00:00
CHOQUE,HERIDOS,CANDELARIA-CALI,EL CARMELO,LUNES,2024-09-16,Entre semana,14:00:00
CHOQUE,HERIDOS,CANDELARIA-CALI,JUANCHITO,MIERCOLES,2024-09-25,Entre semana,06:00:00
CHOQUE,HERIDOS,CR 12A  - CALLE 21A,VILLAGORGONA,DOMINGO,2024-09-29,Fin de semana,08:00:00
CHOQUE,HERIDOS,VILLARICA-PALMIRA,EL LAURO,MARTES,2024-10-01,Entre semana,12:00:00
ATROPELLO,HERIDOS,CANDELARIA-CALI,VILLAGORGONA,MIERCOLES,2024-10-02,Entre semana,05:00:00
CHOQUE,HERIDOS,CALI-CANDELARIA,EL CARMELO,VIERNES,2024-10-04,Entre semana,13:00:00
CHOQUE,HERIDOS,CARRERA 9 FRENTE AL # 16-7,VILLAGORGONA,JUEVES,2024-10-03,Entre semana,06:00:00
CHOQUE,HERIDOS,CALI-CANDELARIA,EL CRUCERO,SABADO,2024-10-05,Fin de semana,09:00:00
CHOQUE,MUERTOS,CALI-CANDELARIA,EL CARMELO,LUNES,2024-10-07,Entre semana,06:00:00
CHOQUE,HERIDOS,FLORIDA-CALI,CANDELARIA,JUEVES,2024-10-17,Entre semana,08:00:00
CHOQUE,HERIDOS,CANDELARIA-CALI,JUANCHITO,SABADO,2024-10-19,Fin de semana,21:00:00
CHOQUE,HERIDOS,CALI-CANDELARIA,VILLAGORGONA,MARTES,2024-10-22,Entre semana,06:00:00
ATROPELLO,HERIDOS,CALLE 17 CR 12A,VILLAGORGONA,LUNES,2024-10-21,Entre semana,18:00:00
